--0KsjlAThNWua2Pr4HStQ,3Uj1YjuShWl6i5in-80sGw
--0KsjlAThNWua2Pr4HStQ,7g3CFT7P4yfRmPm1rDimSA
--0KsjlAThNWua2Pr4HStQ,D4v0v5fHzxYLWaXl8gTHqQ
--0KsjlAThNWua2Pr4HStQ,nELVJlkX8T0mUAArSPSJxw
--0KsjlAThNWua2Pr4HStQ,np418-wlhgpteqef4rn_nQ
--0KsjlAThNWua2Pr4HStQ,tyRSwnzsdQDi4WlEBw5RCg
--0KsjlAThNWua2Pr4HStQ,VFL4LY37bEvyDPobGoxvXg
--0KsjlAThNWua2Pr4HStQ,vK8Ymi2Z6rk3OgkTuMt6Fw
--0KsjlAThNWua2Pr4HStQ,VSP01oJh4hrM7KngLZStWw
--0KsjlAThNWua2Pr4HStQ,WmAhGvWfztnCNrGak8Zf-A
--0mI_q_0D1CdU4P_hoImQ,5-PScov1jaUVXNtP7Xhv3w
--0mI_q_0D1CdU4P_hoImQ,7wNoAzPyGFjRuqPAoweCfA
--0mI_q_0D1CdU4P_hoImQ,BG8LamS3qb-3XKa3q0vQAA
--0mI_q_0D1CdU4P_hoImQ,hZMUK_ZG-woS5a9_B9xdxg
--0mI_q_0D1CdU4P_hoImQ,RzarJKqz0wZtSWM8r0Yp4A
--0mI_q_0D1CdU4P_hoImQ,_D1greAHMtMh2PdgdoUFyA
--20-ljZD5NnAnkwBBC_uQ,tRN04Yo_qnir-y9RXqQ5qg
--4fX3LBeXoE88gDTK6TKQ,1LKqawjKmt00M2Bu75SQqg
--4fX3LBeXoE88gDTK6TKQ,1meum5E6jNPmTwFbIwj3uQ
--4fX3LBeXoE88gDTK6TKQ,2suqpk9YXbV5HhOYY93QRA
--4fX3LBeXoE88gDTK6TKQ,3svrlz9TtKvHt7DYXrlCZA
--4fX3LBeXoE88gDTK6TKQ,ar_vC3ImUJVPutbmCFFJ4Q
--4fX3LBeXoE88gDTK6TKQ,a_b4JwBKSq3Zp-kBJVmw1g
--4fX3LBeXoE88gDTK6TKQ,BGsuaIPs_et299wQDLtW9g
--4fX3LBeXoE88gDTK6TKQ,huKYBfeFtYCOWs4I-GESSw
--4fX3LBeXoE88gDTK6TKQ,IbgnG97zPHB31INaEJqAyg
--4fX3LBeXoE88gDTK6TKQ,iyGw9ttaXUBT4vqHCvaytw
--4fX3LBeXoE88gDTK6TKQ,lM8reeLAa7RV2JxXp3oHuw
--4fX3LBeXoE88gDTK6TKQ,M-cg8raooXZKV8NsNmQGjw
--4fX3LBeXoE88gDTK6TKQ,oyKF6Zs4aEYjsFVV9nT2AQ
--4fX3LBeXoE88gDTK6TKQ,pZcRUWqGKNI2zfjMIm0_PA
--4fX3LBeXoE88gDTK6TKQ,Qt_3n97iW0ho9DqzPCdBFw
--4fX3LBeXoE88gDTK6TKQ,rEqzhRl0gS5cWpbh2QuBWw
--4fX3LBeXoE88gDTK6TKQ,rqfkmiyyIQNZwwmastpTzw
--4fX3LBeXoE88gDTK6TKQ,RQgppN2IN9gFPfLb-Hq78Q
--4fX3LBeXoE88gDTK6TKQ,W-G2T3_Ro9LeLLCWrMOcVQ
--4fX3LBeXoE88gDTK6TKQ,yHt-2BoEaSudrifLr5FF2g
--4fX3LBeXoE88gDTK6TKQ,YU0QdsIw-XvELsqxnujFMw
--4fX3LBeXoE88gDTK6TKQ,zm4sBelmr4hTpXExyEQASw
--4fX3LBeXoE88gDTK6TKQ,_9WMSje3K_ZOywsQhesH-A
--65q1FpAL_UQtVZ2PTGew,-8BqfYouq3o_UoazAQWwNw
--65q1FpAL_UQtVZ2PTGew,-EyEj5BujVFisco6OwmR8A
--65q1FpAL_UQtVZ2PTGew,-kIvLyWpY17aRa0vPp-RmA
--65q1FpAL_UQtVZ2PTGew,0bNXP9quoJEgyVZu9ipGgQ
--65q1FpAL_UQtVZ2PTGew,0CY9WLYFbVJfOMV2-B88oA
--65q1FpAL_UQtVZ2PTGew,0Ke0iSAPYi8hUVxLocAlYQ
--65q1FpAL_UQtVZ2PTGew,0M-wdpMiZD_W-Uq3eNBK5A
--65q1FpAL_UQtVZ2PTGew,0mWN-SJLbDE2LN-3QzOpeg
--65q1FpAL_UQtVZ2PTGew,0o0VMEJeQY0pAAZ9nxErBA
--65q1FpAL_UQtVZ2PTGew,0qIsBt4EzBDCKrIviV55Ew
--65q1FpAL_UQtVZ2PTGew,0uhL2yyl9Voxh5RVGNDrLg
--65q1FpAL_UQtVZ2PTGew,0WPwr3Jr4a_Ywg_hZxm4KQ
--65q1FpAL_UQtVZ2PTGew,1diI7PX0AxbbtiUB7nPbuQ
--65q1FpAL_UQtVZ2PTGew,1I3KgPkYr3_4QNVdRN3bJw
--65q1FpAL_UQtVZ2PTGew,2bYed9QCeJfCekV4tPJABw
--65q1FpAL_UQtVZ2PTGew,2h0A-NirfNl2p2SquFWYHQ
--65q1FpAL_UQtVZ2PTGew,2hXL2ExBsgjJNpm6BJy0lg
--65q1FpAL_UQtVZ2PTGew,2KNPtV5E44vAiEr5BvMkUA
--65q1FpAL_UQtVZ2PTGew,2sklUYBnk7LxzM-11yPUPg
--65q1FpAL_UQtVZ2PTGew,33vUIil_GCaT92aUaZhRXA
--65q1FpAL_UQtVZ2PTGew,34gJ_KlP3RM6jotNT6TcDQ
--65q1FpAL_UQtVZ2PTGew,3FRzcb41y7LYr5yRMQSoqw
--65q1FpAL_UQtVZ2PTGew,3gIfcQq5KxAegwCPXc83cQ
--65q1FpAL_UQtVZ2PTGew,3uU_6L8GnFOHTsO4I3oedg
--65q1FpAL_UQtVZ2PTGew,45V7-1r79DEG0HbuaKYIlg
--65q1FpAL_UQtVZ2PTGew,4dnDsoHuxUtzhaumxbpR5w
--65q1FpAL_UQtVZ2PTGew,4E_nPWw89FLFHdNsEgMH-g
--65q1FpAL_UQtVZ2PTGew,4ozupHULqGyO42s3zNUzOQ
--65q1FpAL_UQtVZ2PTGew,4UUIpbOTPmu43wuC2aSGkg
--65q1FpAL_UQtVZ2PTGew,5E193w76Qlhoi1gkyakW2A
--65q1FpAL_UQtVZ2PTGew,5J5OrLqqOxilT_qqibuqsw
--65q1FpAL_UQtVZ2PTGew,5kJYTUtFUJT24dWNs6eW8w
--65q1FpAL_UQtVZ2PTGew,5xSIdC1tdsJPtJnWj3ofRw
--65q1FpAL_UQtVZ2PTGew,6kmu0mYbdpMIOZ6Y0eVsxg
--65q1FpAL_UQtVZ2PTGew,71ZUmKIwufTbx3bIvcVxaQ
--65q1FpAL_UQtVZ2PTGew,78bzwnIlqmJrOyxzZ5GAkQ
--65q1FpAL_UQtVZ2PTGew,7cR92zkDv4W3kqzii6axvg
--65q1FpAL_UQtVZ2PTGew,7GC9fVWKa4a1ZmBGLH6Uww
--65q1FpAL_UQtVZ2PTGew,7lAr0ypf1jEA4qJGCWYaTg
--65q1FpAL_UQtVZ2PTGew,7o7MF9B9lxcWupE8jiLOaQ
--65q1FpAL_UQtVZ2PTGew,7P9okhRRYG0hz02Fk7tRMw
--65q1FpAL_UQtVZ2PTGew,8AT9WSphWIIC2k8lh__izA
--65q1FpAL_UQtVZ2PTGew,8dbRf1UsWp2ktXHZ6Zv06w
--65q1FpAL_UQtVZ2PTGew,8JC-Yb3UDUv2FUl5ym1nVg
--65q1FpAL_UQtVZ2PTGew,8n4SarsuI9Km6lEtydiE0w
--65q1FpAL_UQtVZ2PTGew,8p4at4zdzCpueAmSBaorZA
--65q1FpAL_UQtVZ2PTGew,8wK7_qZ18mokBxw5zdSo9w
--65q1FpAL_UQtVZ2PTGew,90a6z--_CUrl84aCzZyPsg
--65q1FpAL_UQtVZ2PTGew,9ellV9VrEOPA3vX2pZptSA
--65q1FpAL_UQtVZ2PTGew,9UtNYyrWnpMbpshMrZSRGQ
--65q1FpAL_UQtVZ2PTGew,9uuPzUWC1m_TnMUV9kXu9g
--65q1FpAL_UQtVZ2PTGew,9XVPiLtDa8DfhHQNq1KmBg
--65q1FpAL_UQtVZ2PTGew,9Z05mtXrXJ-22PElwp1ahA
--65q1FpAL_UQtVZ2PTGew,a8gpBi7biN9VAoJwKgl3Xw
--65q1FpAL_UQtVZ2PTGew,Aaafbip-U2aeTXbvinBLiA
--65q1FpAL_UQtVZ2PTGew,aaHyqSTcpdkismEP0bj0rQ
--65q1FpAL_UQtVZ2PTGew,AeucYo8J-rZjcq09Wuqsjw
--65q1FpAL_UQtVZ2PTGew,ARe8Nr_YehB2ubsGJhZ-hg
--65q1FpAL_UQtVZ2PTGew,ast7yCfvhIwaD53OFSXoag
--65q1FpAL_UQtVZ2PTGew,asVOf6vmcEUQGTfcVCPH0Q
--65q1FpAL_UQtVZ2PTGew,azj8vFl7JuSyHqamSVhd4A
--65q1FpAL_UQtVZ2PTGew,B-yfbXuQta2lDJC2o7pb6g
--65q1FpAL_UQtVZ2PTGew,b6CyeouS97Y8YSTi8T2xRg
--65q1FpAL_UQtVZ2PTGew,BflKR-n71IzZb65wzVBPwA
--65q1FpAL_UQtVZ2PTGew,BgY9LwHmY8BO_lPI3pNRFQ
--65q1FpAL_UQtVZ2PTGew,BHLMwsKIFaZQYSjQ5j0KOA
--65q1FpAL_UQtVZ2PTGew,BV8c4QZEzvPWA00ZqJp-jQ
--65q1FpAL_UQtVZ2PTGew,BVJinahzVxJFLMA9bZY8Bg
--65q1FpAL_UQtVZ2PTGew,bvvLS4Vz5yFuNvGKBV3-1g
--65q1FpAL_UQtVZ2PTGew,C6IOtaaYdLIT5fWd7ZYIuA
--65q1FpAL_UQtVZ2PTGew,C8ZTiwa7qWoPSMIivTeSfw
--65q1FpAL_UQtVZ2PTGew,cLj82SmEbKseTOHwDcqX9A
--65q1FpAL_UQtVZ2PTGew,cRyNICH0mhjxagvSyVr60Q
--65q1FpAL_UQtVZ2PTGew,D5J4mKahKvUBJUTWanZwdA
--65q1FpAL_UQtVZ2PTGew,d66FhQQZzFDKxklh6t63RA
--65q1FpAL_UQtVZ2PTGew,d95On_QNeQPr01pRNzHa5w
--65q1FpAL_UQtVZ2PTGew,DFr0LYHHTokLFCSniznohQ
--65q1FpAL_UQtVZ2PTGew,DJzbBORAJjTiTzFCEdoMQQ
--65q1FpAL_UQtVZ2PTGew,DKyDK-vruaL1lHmA6F8x9A
--65q1FpAL_UQtVZ2PTGew,dr7yIIVmIyiD17fy9QCQrg
--65q1FpAL_UQtVZ2PTGew,dT5JHk1aJQhOty1kwTitHA
--65q1FpAL_UQtVZ2PTGew,e3g0igHkfAljpPsBJpuw5Q
--65q1FpAL_UQtVZ2PTGew,eBwBjylS66qPcHs2_ajLag
--65q1FpAL_UQtVZ2PTGew,ECtwWOp6UXNom5at7dCuhg
--65q1FpAL_UQtVZ2PTGew,EKwGhgLrM18ErVKKeYE2UA
--65q1FpAL_UQtVZ2PTGew,eOVVMnFC5jeAInwiG3uNEw
--65q1FpAL_UQtVZ2PTGew,EoZ12fWTJLYxhiH12UF7hg
--65q1FpAL_UQtVZ2PTGew,EQ2pm01gowMVsFzjXtWOGQ
--65q1FpAL_UQtVZ2PTGew,EQZjeyvQRe0xnEYcV_eK0A
--65q1FpAL_UQtVZ2PTGew,ev7D2jo5OUDeHf0dWoWlsQ
--65q1FpAL_UQtVZ2PTGew,eXiHAxrnvE64j4wTEOTEMQ
--65q1FpAL_UQtVZ2PTGew,EyQasMn42s4P-hZWLdmw0Q
--65q1FpAL_UQtVZ2PTGew,f4CExFYr3GTMSBD4BccDQw
--65q1FpAL_UQtVZ2PTGew,FAxy_JuEOhhZl3C10LMY1A
--65q1FpAL_UQtVZ2PTGew,fc84xziqvCO__-XlQH6yag
--65q1FpAL_UQtVZ2PTGew,fczQCSmaWF78toLEmb0Zsw
--65q1FpAL_UQtVZ2PTGew,Fhn7fb0BwcyPgBLCNudpxQ
--65q1FpAL_UQtVZ2PTGew,fKYP2YKR5yp_cNHPzBxxKw
--65q1FpAL_UQtVZ2PTGew,fl6oI21uXoxVMwfR6lFanQ
--65q1FpAL_UQtVZ2PTGew,fPHLPrymsyb6WSFFKoMrTQ
--65q1FpAL_UQtVZ2PTGew,gcyEUr4DXcbjnGRAWFtfAQ
--65q1FpAL_UQtVZ2PTGew,GoymUzKqvET2QOZkIWZi9w
--65q1FpAL_UQtVZ2PTGew,GRgBu4K7GOb3354esp_xkg
--65q1FpAL_UQtVZ2PTGew,GrSixRnGIxNUJ1Cn5DNX9A
--65q1FpAL_UQtVZ2PTGew,Gsl8Rv_1aUQEHOm-2zh8MQ
--65q1FpAL_UQtVZ2PTGew,gx3ZRjh43OOuavKl_rXvrA
--65q1FpAL_UQtVZ2PTGew,gxOZMidTXSm2z_0AecgbGw
--65q1FpAL_UQtVZ2PTGew,gzJpPaHN-NXBkAZcZri3hw
--65q1FpAL_UQtVZ2PTGew,HaDEZSNSTNFmq6laVB6ZMQ
--65q1FpAL_UQtVZ2PTGew,hIb1ikbIMI0t1EK4gPsK_A
--65q1FpAL_UQtVZ2PTGew,HjhR3u17OjxD4s8t3toTfg
--65q1FpAL_UQtVZ2PTGew,hjJPKQ1Ah91h3fVbc8GsOg
--65q1FpAL_UQtVZ2PTGew,HPxji3cX5H460ECCgtnGHw
--65q1FpAL_UQtVZ2PTGew,HR_Lxh2ycv0t745Ohiziew
--65q1FpAL_UQtVZ2PTGew,H_JsAwjiGEOr_RlZmwfNsA
--65q1FpAL_UQtVZ2PTGew,i0A-c2yoHySmFhRV2sDR1g
--65q1FpAL_UQtVZ2PTGew,i2TRnWtvxxwJuynRKrw35Q
--65q1FpAL_UQtVZ2PTGew,ia-Bk0oHTcutM7_Kq6Jrlw
--65q1FpAL_UQtVZ2PTGew,IDHrwv_RCildFvmfWTkj5Q
--65q1FpAL_UQtVZ2PTGew,IO3AsR6cdMto7VCwfPzf2w
--65q1FpAL_UQtVZ2PTGew,iPhoJlwisUKGGrA0QNmYMw
--65q1FpAL_UQtVZ2PTGew,J1zIo58TxXiJ5t-N2HHsJA
--65q1FpAL_UQtVZ2PTGew,J3-BDqJQYaYiOnUcjdhuDQ
--65q1FpAL_UQtVZ2PTGew,jdeNI5TTTuM6mj3HTgstRA
--65q1FpAL_UQtVZ2PTGew,JgDkCER12uiv4lbpmkZ9VA
--65q1FpAL_UQtVZ2PTGew,jhNmbzFURrq4EWDeA4_s_w
--65q1FpAL_UQtVZ2PTGew,JkMOQaMjlBHMqp6gj-hL3w
--65q1FpAL_UQtVZ2PTGew,jopndPrv-H5KW2CfScnw9A
--65q1FpAL_UQtVZ2PTGew,jy1qPe0Tz3ewHacAtshmBw
--65q1FpAL_UQtVZ2PTGew,Jzla1XE7_BIgoEZgplPOpQ
--65q1FpAL_UQtVZ2PTGew,K-CfSS-Ep56g1NmW5lz07Q
--65q1FpAL_UQtVZ2PTGew,K2TQ1HBU51Y8i6MCDI7gLQ
--65q1FpAL_UQtVZ2PTGew,k2u1F6spBGhgk2JtAe97QA
--65q1FpAL_UQtVZ2PTGew,k4-6lakq7t3kCgbvPxcuvg
--65q1FpAL_UQtVZ2PTGew,K6MrbZeqKG35ZiucFfucvw
--65q1FpAL_UQtVZ2PTGew,kF-fhh6B4TvWPpxyEj3oVw
--65q1FpAL_UQtVZ2PTGew,khPlizt3ava1xkbtAxHQnw
--65q1FpAL_UQtVZ2PTGew,kNO6w6EIKo8u6GSykOHBLA
--65q1FpAL_UQtVZ2PTGew,kOb1hWSwA6aD2mRVy6lqFQ
--65q1FpAL_UQtVZ2PTGew,kWIyJklrVAxWQ9mi_X5ntg
--65q1FpAL_UQtVZ2PTGew,kyXK79FRxnFgNfZP3GUrGw
--65q1FpAL_UQtVZ2PTGew,LKe0OdXQv54wynXcXaoj0A
--65q1FpAL_UQtVZ2PTGew,lmiDCrmas8TxRsbIGZX9Pg
--65q1FpAL_UQtVZ2PTGew,lPaYMDmJbAnv_3pmZH_inw
--65q1FpAL_UQtVZ2PTGew,Lp_Ykqfbv5Q-oyGYlMGJRg
--65q1FpAL_UQtVZ2PTGew,LTX9pmF-zXPYB4wE8b9RZg
--65q1FpAL_UQtVZ2PTGew,M6oU3OBf_E6gqlfkLGlStQ
--65q1FpAL_UQtVZ2PTGew,Mmew2rqnwj8FW3qD9wsaQQ
--65q1FpAL_UQtVZ2PTGew,MnDHJvePh4cWMrBgOp0_Ig
--65q1FpAL_UQtVZ2PTGew,MWt24-6bfv_OHLKhwMQ0Tw
--65q1FpAL_UQtVZ2PTGew,N4BnjZFAuuAUTjxs93SYlg
--65q1FpAL_UQtVZ2PTGew,n9Zg0jlOGtxfIrvoPm6Hhw
--65q1FpAL_UQtVZ2PTGew,NJxcaYAIYOHFnuH4vfYYZw
--65q1FpAL_UQtVZ2PTGew,nKoB5cWZHXYUIUcQsUDogA
--65q1FpAL_UQtVZ2PTGew,nObbQ_Zu5vGV0Cv5dMe_1A
--65q1FpAL_UQtVZ2PTGew,nrOCJCQUgXwdUIwg8QHirw
--65q1FpAL_UQtVZ2PTGew,nSLrExcVVphiNzvSf5H7vA
--65q1FpAL_UQtVZ2PTGew,NvDR3SPVPXrDB_dbKuGoWA
--65q1FpAL_UQtVZ2PTGew,n_lAaNGeWgspbbCJc0DqRg
--65q1FpAL_UQtVZ2PTGew,O-zVhDi_TeMs6R2Rz31g4Q
--65q1FpAL_UQtVZ2PTGew,o2CGc1kQHEFkYOECM3NFdg
--65q1FpAL_UQtVZ2PTGew,o4oFKntYuHxKdJK4-LI-sw
--65q1FpAL_UQtVZ2PTGew,ODhV53XhesCBLJVfGsJGNA
--65q1FpAL_UQtVZ2PTGew,ODW4e78LfvY5Ch4s1kzzjw
--65q1FpAL_UQtVZ2PTGew,ofQg505JkGomCSeo1U2Gug
--65q1FpAL_UQtVZ2PTGew,OI1iNMzrKaFkX1ZSqGsFAA
--65q1FpAL_UQtVZ2PTGew,OpN1MhESDpc4_mPpx2Pd9Q
--65q1FpAL_UQtVZ2PTGew,oXBahXJCXUEATm5IVexw8A
--65q1FpAL_UQtVZ2PTGew,oZuNME_exUMSjrcg6uRFjw
--65q1FpAL_UQtVZ2PTGew,P2kVk4cIWyK4e4h14RhK-Q
--65q1FpAL_UQtVZ2PTGew,p4SNP70HYUpK_wXhRpIcFQ
--65q1FpAL_UQtVZ2PTGew,palND-kF1qpMLhkcgAnSxA
--65q1FpAL_UQtVZ2PTGew,pIm17SVRo8IdhGoBD4qbnA
--65q1FpAL_UQtVZ2PTGew,PlRa4Mjmo1Qppt2D19_0cw
--65q1FpAL_UQtVZ2PTGew,PoQOIZc2q5nud7uVz_jdjw
--65q1FpAL_UQtVZ2PTGew,Ps1Db9zOatoF_76FZNO5CQ
--65q1FpAL_UQtVZ2PTGew,pv82zTlB5Txsu2Pusu__FA
--65q1FpAL_UQtVZ2PTGew,pY6_ew_kvtlcUftSVtkRyg
--65q1FpAL_UQtVZ2PTGew,PYtryNSk30ytqOc_36sLPw
--65q1FpAL_UQtVZ2PTGew,q3Fa0PhTGzRl-05fXHIi4g
--65q1FpAL_UQtVZ2PTGew,Q43j4rd_K0YEjGAb7qB8MA
--65q1FpAL_UQtVZ2PTGew,q9XgOylNsSbqZqF_SO3-OQ
--65q1FpAL_UQtVZ2PTGew,qaSf-CGQLWlXmy56pkYQYw
--65q1FpAL_UQtVZ2PTGew,QgJ_ZCD4K_EXwiI1Jo97UQ
--65q1FpAL_UQtVZ2PTGew,Qv_8wAXej3W1efejjh0IKw
--65q1FpAL_UQtVZ2PTGew,r-t7IiTSD0QZdt8lOUCqeQ
--65q1FpAL_UQtVZ2PTGew,RBD6gVvkCSxZSCyy11Xztw
--65q1FpAL_UQtVZ2PTGew,Rg4gzsz3w00vRlIOXcGUIA
--65q1FpAL_UQtVZ2PTGew,rIkxXjBKAeKKSYfLMgocLA
--65q1FpAL_UQtVZ2PTGew,rjG63heZZlggLU6mi0roLQ
--65q1FpAL_UQtVZ2PTGew,ru8p3RTlk8f9LB_3zLXURQ
--65q1FpAL_UQtVZ2PTGew,RxfFQxUtSIGYwTKU_rvAeg
--65q1FpAL_UQtVZ2PTGew,Ry48Bta6spNowOkiMNC_xg
--65q1FpAL_UQtVZ2PTGew,RyKKn7lV7StxDngkGt_6_w
--65q1FpAL_UQtVZ2PTGew,Rzy3ALarkc6Q_QmykVIvcg
--65q1FpAL_UQtVZ2PTGew,S3bvMOL50vgS_8-TtlGi4w
--65q1FpAL_UQtVZ2PTGew,sALB8-F04S9VcZMF_GkGUA
--65q1FpAL_UQtVZ2PTGew,sDyaN_3DEZyhnJPUFIwoEg
--65q1FpAL_UQtVZ2PTGew,SfiNyNLmW7alXejl-m_iYw
--65q1FpAL_UQtVZ2PTGew,SKyMDoDYuPvdy15zOkdeyA
--65q1FpAL_UQtVZ2PTGew,sQwgFhirdCt6h_g1rbjHHA
--65q1FpAL_UQtVZ2PTGew,syeVHkzH1kvf_u1CseOuCQ
--65q1FpAL_UQtVZ2PTGew,T70B3fDF7LHWntNWlYwhhA
--65q1FpAL_UQtVZ2PTGew,TbrFykUpMolfWd__RxBjmg
--65q1FpAL_UQtVZ2PTGew,tcWQQaDc0BH1dwhyl6ynaA
--65q1FpAL_UQtVZ2PTGew,TEM6mqCC2GPNzCPzpcU54A
--65q1FpAL_UQtVZ2PTGew,tfbS4eLs0rFtono6jE6djA
--65q1FpAL_UQtVZ2PTGew,THYIqfnLV54VZ_v2hCfq2Q
--65q1FpAL_UQtVZ2PTGew,Ti86eeLrIhpNHDpjbla_fA
--65q1FpAL_UQtVZ2PTGew,tPYarUDC8kdUgW-5y2yH6A
--65q1FpAL_UQtVZ2PTGew,TTP7l5g4QUVCpQZ9NTAWqw
--65q1FpAL_UQtVZ2PTGew,U5TnaAf__Bn1wbe44T4c_g
--65q1FpAL_UQtVZ2PTGew,uaoukpaSPrhaLE9-eLJ-Cw
--65q1FpAL_UQtVZ2PTGew,uBp2Jmip2qXQ0iWHUDY9sQ
--65q1FpAL_UQtVZ2PTGew,uO3pavwCb8ylw-aog3Mn6w
--65q1FpAL_UQtVZ2PTGew,uOdEsOgPW48Ky4j8U8CEcw
--65q1FpAL_UQtVZ2PTGew,usQTOj7LQ9v0Fl98gRa3Iw
--65q1FpAL_UQtVZ2PTGew,uTc1puvwUpFYryEHo4DNaA
--65q1FpAL_UQtVZ2PTGew,V0y4fqp-4pSRfsz0FmsjPA
--65q1FpAL_UQtVZ2PTGew,v6rb-4YhADpuD99f3RKmgg
--65q1FpAL_UQtVZ2PTGew,Vdi-fbSA36s6jffY7iDbXA
--65q1FpAL_UQtVZ2PTGew,VexAJmqOClKzm8KbY7xs5g
--65q1FpAL_UQtVZ2PTGew,VFzYCoVKke89BA4ZxxRMag
--65q1FpAL_UQtVZ2PTGew,vn3lecMsL3kXVe-7hg3gLg
--65q1FpAL_UQtVZ2PTGew,vp1LUMkedWATnFeVFteASg
--65q1FpAL_UQtVZ2PTGew,VPXgY9lGJF3XC4ZpusxNuA
--65q1FpAL_UQtVZ2PTGew,vsXP832M0kOxKpfduD7dWw
--65q1FpAL_UQtVZ2PTGew,VU2c835liKaSfE5Wl9Vj8A
--65q1FpAL_UQtVZ2PTGew,VwcyU7sYIAXjs2Lw-Alz4A
--65q1FpAL_UQtVZ2PTGew,wC1CPV5bf--bDLtlhNSPLg
--65q1FpAL_UQtVZ2PTGew,Wh5pL_iTBOj3R4W7cJWEkw
--65q1FpAL_UQtVZ2PTGew,wHg1YkCzdZq9WBJOTRgxHQ
--65q1FpAL_UQtVZ2PTGew,wNqwKWaRjClmcKsoJJRFow
--65q1FpAL_UQtVZ2PTGew,woc9HK2NYBclfzcsN7Ld7Q
--65q1FpAL_UQtVZ2PTGew,wuCszpVPMIMyOCualnZtaw
--65q1FpAL_UQtVZ2PTGew,WvCaG17GKs9N1B7yocJAww
--65q1FpAL_UQtVZ2PTGew,wVSGZN8d3ao4ad97kEDzYg
--65q1FpAL_UQtVZ2PTGew,W_7aQXf0uC4GKvte4tlewA
--65q1FpAL_UQtVZ2PTGew,X5GbNXY_nNoa_vTZDD0aCA
--65q1FpAL_UQtVZ2PTGew,XeoAojoz5johV2MQ5ngNig
--65q1FpAL_UQtVZ2PTGew,xg4AdOGHFxJyWByFbG8stA
--65q1FpAL_UQtVZ2PTGew,xopO03gWwnEe0JNkHBV8Kw
--65q1FpAL_UQtVZ2PTGew,XqMkm-DD9VsdcKx2YVGhSA
--65q1FpAL_UQtVZ2PTGew,xsTlqAQ7TjNFIUl5ihK00g
--65q1FpAL_UQtVZ2PTGew,XTFE2ERq7YvaqGUgQYzVNA
--65q1FpAL_UQtVZ2PTGew,XxA5k_iyzf9HdvPMp_J27w
--65q1FpAL_UQtVZ2PTGew,YLE6GoJ61fb0QBF7JTkaJg
--65q1FpAL_UQtVZ2PTGew,Ylpk5El7KILCPDFlnfgsSA
--65q1FpAL_UQtVZ2PTGew,Yq-pv-frxMeQT9zWtdgUEA
--65q1FpAL_UQtVZ2PTGew,ysBQMZiuZ7VSu_YAh-lE0Q
--65q1FpAL_UQtVZ2PTGew,Z-1BdQOqTpkbrhyudwX1jQ
--65q1FpAL_UQtVZ2PTGew,Z0w6C-21dwt1rXOhmepJJw
--65q1FpAL_UQtVZ2PTGew,z2aIK__6KMpQBx1czvv8BA
--65q1FpAL_UQtVZ2PTGew,zhVOlwBuEgdGlHjwgVf3Jg
--65q1FpAL_UQtVZ2PTGew,ZkMwOom9fRaZvJxgjZOVXA
--65q1FpAL_UQtVZ2PTGew,ZmIgP4U4Ht9CYmNX0_zP6w
--65q1FpAL_UQtVZ2PTGew,zo7YmohSjQx2B0gj2JdP2A
--65q1FpAL_UQtVZ2PTGew,zPiEroQrxxyBrHSUAcymBg
--65q1FpAL_UQtVZ2PTGew,ZrUZtLgLOn15v2NIZl-oKQ
--65q1FpAL_UQtVZ2PTGew,ZUx-B52hGRhmeUDVukmjrg
--65q1FpAL_UQtVZ2PTGew,ZW8jy6ehrNzn9A5iCubVGg
--65q1FpAL_UQtVZ2PTGew,Zwtx7FLZcK5F2P0-Tz8mHg
--65q1FpAL_UQtVZ2PTGew,ZXXNfqQfydJFLAqBtzwM-Q
--65q1FpAL_UQtVZ2PTGew,_1mBBkphbaKO3EQHnpBQJA
--65q1FpAL_UQtVZ2PTGew,_4lqpCYCqOQzbB6xQGGhrQ
--65q1FpAL_UQtVZ2PTGew,_PzSNcfrCjeBxSLXRoMmgQ
--7266Nwi6RXjKNNKeoFMQ,3gBhA4bNoPWQYeONL5NPQQ
--7266Nwi6RXjKNNKeoFMQ,3LOQP8QhEZq3RL5HPew6QA
--7266Nwi6RXjKNNKeoFMQ,53tVZXIZ5hEsLzeTMpJ82Q
--7266Nwi6RXjKNNKeoFMQ,57VujwXPYuppn1t4-4cAJg
--7266Nwi6RXjKNNKeoFMQ,5HOcY5b992Tq8-zL4Ev1ZA
--7266Nwi6RXjKNNKeoFMQ,5qBO8xJYgXV2MgkpZXXZ0g
--7266Nwi6RXjKNNKeoFMQ,6o5O9LBpFVNL8hMCeKo-zw
--7266Nwi6RXjKNNKeoFMQ,7_Xqyp59yUTrAjnr-vVZgw
--7266Nwi6RXjKNNKeoFMQ,885b8E17iyjZHWfGfKK_YQ
--7266Nwi6RXjKNNKeoFMQ,9K3HDTkZ0-r-5Bf7C-TpAw
--7266Nwi6RXjKNNKeoFMQ,AGcfG0EnoZzumKMKqQji1g
--7266Nwi6RXjKNNKeoFMQ,aTX8-LgNE2kW7UC9GDuMyw
--7266Nwi6RXjKNNKeoFMQ,B3t5n21QazcgvheRczGc1A
--7266Nwi6RXjKNNKeoFMQ,Bm90n9PHiJEXmc_ZUjWkkA
--7266Nwi6RXjKNNKeoFMQ,EeTBduQm2SCrYkjxuszM3A
--7266Nwi6RXjKNNKeoFMQ,FbdB9KXyuvT8rC_zmqRSuQ
--7266Nwi6RXjKNNKeoFMQ,h6Y_hnYC4ULJ9XUeiizt0g
--7266Nwi6RXjKNNKeoFMQ,jd3bfkvfnFyQjQaDA7loUw
--7266Nwi6RXjKNNKeoFMQ,mW_bdhO4ImYW-Ho6n7iuZg
--7266Nwi6RXjKNNKeoFMQ,paTsY8Ga53CTr4rl9x2tzw
--7266Nwi6RXjKNNKeoFMQ,RGNVk6mc8qOjp904ORsJXw
--7266Nwi6RXjKNNKeoFMQ,RozDEColYwRZrig7nvz3ng
--7266Nwi6RXjKNNKeoFMQ,RyrGov38p58XBDyJIvDpgw
--7266Nwi6RXjKNNKeoFMQ,SlTYv6Nzywle_M3DGLlZ_w
--7266Nwi6RXjKNNKeoFMQ,TgacNwIWRp2mWx5zX9AFcg
--7266Nwi6RXjKNNKeoFMQ,Tr1jqRyzFGkCu4Ezs387jA
--7266Nwi6RXjKNNKeoFMQ,VUJlUQlM-0D-5lE2ozwXYA
--7266Nwi6RXjKNNKeoFMQ,W1yW_AuP603MCQdrh7wA_w
--7266Nwi6RXjKNNKeoFMQ,wW5fMP-kMfM7CwxkI76Ztw
--7266Nwi6RXjKNNKeoFMQ,yNPxtsiIWrVyrO-4Jwd-uQ
--7266Nwi6RXjKNNKeoFMQ,Zk3amxorkJ2jvx_s8l9J6A
--7266Nwi6RXjKNNKeoFMQ,zpfVVp1PirjtQ1u-uT5rOA
--7266Nwi6RXjKNNKeoFMQ,_M9LIezG8c7dOL9xnUBILA
--9HuvEtLhp21SeIEEltnA,dibcoDMYUmdVI1WQ18Mb6Q
--9jRaeY1xK-2l9r9fVQWA,3NLF_rUDMqwhSe3OjJk6LQ
--9jRaeY1xK-2l9r9fVQWA,4tuG9tZ1tI7ZahbJUpwK2A
--9jRaeY1xK-2l9r9fVQWA,7ewE_dDxjXNppOj0EhhMIQ
--9jRaeY1xK-2l9r9fVQWA,hEFiiqzLHkqNSePBD2jnqA
--9jRaeY1xK-2l9r9fVQWA,J1ATkrYS0IUkV4u-bkltgA
--9jRaeY1xK-2l9r9fVQWA,kbJNDcsBE-U_GiOY43hwwQ
--9jRaeY1xK-2l9r9fVQWA,kl0zgp60RM09pySxA5NubA
--9jRaeY1xK-2l9r9fVQWA,KVjhR2m2PUQ1W0f_WCJjRw
--9jRaeY1xK-2l9r9fVQWA,LP0bl3GKToABt3lnpSvA2w
--9jRaeY1xK-2l9r9fVQWA,nZFcWvgPU8T4JCjOVvJU8Q
--9jRaeY1xK-2l9r9fVQWA,QlOc_cKy_7Fs-Pg0vi9NAg
--9jRaeY1xK-2l9r9fVQWA,U-x9Hx392dea8YWdgYFiLA
--aCmrpFC8UAm456cc12rw,F15X7vnqmpM0PDnG-cr8RA
--aCmrpFC8UAm456cc12rw,lVBAerGvbVCptiMeWZNVLg
--aCmrpFC8UAm456cc12rw,_ENx3oEAt-LDmSCQZRFWAQ
--AfacevQEmlfHd8Ed1NWg,0daABa3KokAu1DWbrzBWaQ
--AfacevQEmlfHd8Ed1NWg,0Q2QhRuyD_oGodCj__wcvQ
--AfacevQEmlfHd8Ed1NWg,0ZtoCu_CtmdvxewmK8WJ6g
--AfacevQEmlfHd8Ed1NWg,1VthqrbEhYxl4CO1Vucdrg
--AfacevQEmlfHd8Ed1NWg,3zBKfA8-_fJRagWSTMLVvg
--AfacevQEmlfHd8Ed1NWg,8M7I2-s5nQ8LSkuCvN0Xqg
--AfacevQEmlfHd8Ed1NWg,9wuA4xxNqIG_ERg8pLZ_JQ
--AfacevQEmlfHd8Ed1NWg,bAgO9_hnkDjlFAkUhCSwMQ
--AfacevQEmlfHd8Ed1NWg,cIzaqbZCvThYTtddKWzYVQ
--AfacevQEmlfHd8Ed1NWg,ClaGLOr72DPJlQhRc9HHyQ
--AfacevQEmlfHd8Ed1NWg,G-iuXcbJnX3sA3lhB6nFhQ
--AfacevQEmlfHd8Ed1NWg,ifD7o8Mi67yNYwgWL5CbKg
--AfacevQEmlfHd8Ed1NWg,JErsIDg6aEIItzMw6Hq_wA
--AfacevQEmlfHd8Ed1NWg,kYi1-z_eErTLozHG9gBYGw
--AfacevQEmlfHd8Ed1NWg,Lywb9PASCu1qy4_UiA1UCg
--AfacevQEmlfHd8Ed1NWg,m8Sto0-9XnDhbBSp9HQmsg
--AfacevQEmlfHd8Ed1NWg,MoQ0p8AOBw8Sph0g5PloNw
--AfacevQEmlfHd8Ed1NWg,oPG5VgtbV0DaDqYjBIgyXw
--AfacevQEmlfHd8Ed1NWg,pNDR8XUalk58ZXbkMyDFGg
--AfacevQEmlfHd8Ed1NWg,pTmXoPqa-nkfdve-S_p0hQ
--AfacevQEmlfHd8Ed1NWg,pTZ-cCPn2HAXb6gPpFEunQ
--AfacevQEmlfHd8Ed1NWg,Q5qn0BUEsAHoidP6wUzuSw
--AfacevQEmlfHd8Ed1NWg,qbfQRHLvZk5WSkKY0l_lMw
--AfacevQEmlfHd8Ed1NWg,QG7KKxKu7Y4MrdtGO46iEQ
--AfacevQEmlfHd8Ed1NWg,s8Om9oHMk8xb_psgxTNeRA
--AfacevQEmlfHd8Ed1NWg,TPuRBQCsHCMu0SjKIl4eWw
--AfacevQEmlfHd8Ed1NWg,TXlX1QtA0vJS5mNj_KVWeA
--AfacevQEmlfHd8Ed1NWg,TYdhRsh_KtMsWxJYG4c45g
--AfacevQEmlfHd8Ed1NWg,UOVyiVOFX_-G510MH-V7IA
--AfacevQEmlfHd8Ed1NWg,Vcd6NNMrrksi6ImtxxTITw
--AfacevQEmlfHd8Ed1NWg,YBsai7n9c4N5y52FEEJfhw
--AfacevQEmlfHd8Ed1NWg,ZJ-HbsXL91pbj8M1sPCx5g
--AfacevQEmlfHd8Ed1NWg,zZjcEBV53PacmpjXE9el0Q
--AfacevQEmlfHd8Ed1NWg,_QHDTunNfbvtdbv_JqQD4Q
--AqBuo717RyacADExYbSA,3U-MZ5ydj-s8oOJW7lk-Kg
--AqBuo717RyacADExYbSA,7ZiOkVdUFL2BzT-BEttS8A
--bL27w8xv5rfePuk-llsw,gXJRBXH8lrjg4apoJXBGNw
--bmQJBvKmn55eEtMJepHg,3uvKGrF7S5L0d_4l6Noh1w
--bmQJBvKmn55eEtMJepHg,bjZxk4qwlGQPH65s8SG3RA
--bmQJBvKmn55eEtMJepHg,cVD5_RJCHv_IiMkD4zP-LA
--bmQJBvKmn55eEtMJepHg,eOnkjzW6jR8frLUZW2PobQ
--bmQJBvKmn55eEtMJepHg,zGVt_nmmr3ddjnG7jNvqig
--bmQJBvKmn55eEtMJepHg,zUUktnfdHd5ttp04xnpQJg
--BnK7rx64Gu9KAb2OjMxQ,3URZEFu1ns8oyNmpVoz0PQ
--BnK7rx64Gu9KAb2OjMxQ,sLftXtnBJOa3Z3YJTOa8AQ
--D6B8SF9EAIaS4O7wLVJw,3Uj1YjuShWl6i5in-80sGw
--D6B8SF9EAIaS4O7wLVJw,4sbKCZJRnPgNIFaPL64ivw
--D6B8SF9EAIaS4O7wLVJw,64yt751bFlcVycnULQuLjA
--D6B8SF9EAIaS4O7wLVJw,9-_5Xp617oZoIMaYoZ0hOQ
--D6B8SF9EAIaS4O7wLVJw,AkkcgCxVZDj9rgbk5rwfSw
--D6B8SF9EAIaS4O7wLVJw,CORWHGyUeKkucGV4sCQohw
--D6B8SF9EAIaS4O7wLVJw,cSLdxWUSo488PVt8NfYvTQ
--D6B8SF9EAIaS4O7wLVJw,duaazv8Oepq1B2_lGGQg4A
--D6B8SF9EAIaS4O7wLVJw,FJ6vbt12uRVqyRK6-Ldz-g
--D6B8SF9EAIaS4O7wLVJw,FQsNz3yTMiqW0uBaps73gA
--D6B8SF9EAIaS4O7wLVJw,gUPlQfk4AzerHjZoQSu2Aw
--D6B8SF9EAIaS4O7wLVJw,nxFrStNBkIeTh5gjWzJYRA
--D6B8SF9EAIaS4O7wLVJw,nZHS_JJ-43df11T91BU4_Q
--D6B8SF9EAIaS4O7wLVJw,RbCmIpB0XCmi8Bg379hS4Q
--D6B8SF9EAIaS4O7wLVJw,rI8sU1Fuaa83zZia35Jk1A
--D6B8SF9EAIaS4O7wLVJw,tJ034NZ5POMxJ4BnrBVCSA
--D6B8SF9EAIaS4O7wLVJw,TmrLXwR7eTyy0nzxXhdcnQ
--D6B8SF9EAIaS4O7wLVJw,Wyd47Ndzd7KSZtHjWa5R8w
--D6B8SF9EAIaS4O7wLVJw,_8rMf4wWNjizcokVMMSnGg
--dVe3WJLDLstCvZv4nLxA,HpHIRyT6jL2eY46FGDfxvg
--E8HPRm1TvCpBFrDRfq2A,0BjkZHnvyyG18HljF-bfWg
--E8HPRm1TvCpBFrDRfq2A,75S1c3r-O7yUflqGRb-qQw
--E8HPRm1TvCpBFrDRfq2A,7bY9aHOUeQGCYbXDGkd_nw
--E8HPRm1TvCpBFrDRfq2A,aa5j6RiKBvhwMt1mHKPX7g
--E8HPRm1TvCpBFrDRfq2A,BpIXi537n43BFg8Q64a-3A
--E8HPRm1TvCpBFrDRfq2A,cqq4FTL9Yz6vhIKJ4tfMUw
--E8HPRm1TvCpBFrDRfq2A,F7dsUkW-SBoO8i_OSr8YHQ
--E8HPRm1TvCpBFrDRfq2A,HcAZmJNUI2pSqbG7Xxys1w
--E8HPRm1TvCpBFrDRfq2A,kdqNe6hUsa16YHEvAp7zMA
--E8HPRm1TvCpBFrDRfq2A,LcyoqEXOoHBdFPBmizMZ1g
--ew6Ps9DLZO5RHJWXUD9A,zWeruT2oX04rw6jshNUXDA
--f43ruUt7LBeB3aU74z-w,Equip9COwQCXnVL215FncQ
--gSegMbchIzRdcOkHMewQ,1o8zUPCcvGaVaNWSJBMD7w
--gSegMbchIzRdcOkHMewQ,6gULsnrmD6fhLXk1DVycOg
--gSegMbchIzRdcOkHMewQ,7ocMCw3_nFRYxFmtrn3LXw
--gSegMbchIzRdcOkHMewQ,Cjj-xEpu0RE5n-aNuvJvTw
--gSegMbchIzRdcOkHMewQ,DcCUgTOOeJOPTVJVBWfyCA
--gSegMbchIzRdcOkHMewQ,dkh83CFmGSGSrMvCvqb1NA
--gSegMbchIzRdcOkHMewQ,E6yjZ1AuZJ5l5O2xHHuxcg
--gSegMbchIzRdcOkHMewQ,Esx6B4mT_6IRzI5UubhZag
--gSegMbchIzRdcOkHMewQ,hkVGPLthVcTcEGMAhJyiJw
--gSegMbchIzRdcOkHMewQ,JVCjY879YUzN0DdB85FYEA
--gSegMbchIzRdcOkHMewQ,K6k3tULQVD7cEnUMytHobg
--gSegMbchIzRdcOkHMewQ,lvs6ocVmXpb9Qk8lC8apjw
--gSegMbchIzRdcOkHMewQ,mwhIf5CcpjAd88XTM73VcQ
--gSegMbchIzRdcOkHMewQ,NuZGJ1SUdEC-1REswo-G4A
--gSegMbchIzRdcOkHMewQ,qbhWU6Wn0zvVVct1HkT_GQ
--gSegMbchIzRdcOkHMewQ,RD5SwdG3RbyTmDfeayz87g
--gSegMbchIzRdcOkHMewQ,RInVx-lFVm7Z3FiHRdWMrQ
--gSegMbchIzRdcOkHMewQ,S4dIIS75CscGEaJSfeWIkQ
--gSegMbchIzRdcOkHMewQ,XFAFcC3zzmXHXzaJWpsmNg
--gSegMbchIzRdcOkHMewQ,zhl9ySVTmijRN4j4WYIzXg
--gSegMbchIzRdcOkHMewQ,zq00Z8mtGxOsJBWuR9-BRQ
--hWC2FYuvaItr5-_Hp8Mg,1BW2HC851fJKPfJeQxjkTA
--hWC2FYuvaItr5-_Hp8Mg,cwZq9TPsYgFBrK3GXvOI5w
--hWC2FYuvaItr5-_Hp8Mg,EDWxA6jft5Ag9TZ_S6X4gg
--hWC2FYuvaItr5-_Hp8Mg,SEDFpR4oMPKqXMjbJiMGog
--IEqzx5xs0qi0HyM5TOPQ,SEDFpR4oMPKqXMjbJiMGog
--ijvARuRJhZrBdS9_jF2A,8sYi4QZEt4UzETgnFhMiCQ
--ijvARuRJhZrBdS9_jF2A,AdxHwIZAOhY4zNXspg6ITw
--ijvARuRJhZrBdS9_jF2A,zlCFkXvHy0T5q7LKh3JpUw
--Imw2UZMEAV9BU760t9ZA,-byrmOvVMBLbV9QZ-JN9lg
--Imw2UZMEAV9BU760t9ZA,-VusBlDj4DvDwUeW6A8Vdw
--Imw2UZMEAV9BU760t9ZA,ewCOU5_LvSwlBQoIg8esUA
--Imw2UZMEAV9BU760t9ZA,fNCag7CSMjpFRnlqCSrTGw
--Imw2UZMEAV9BU760t9ZA,T9FQZdbNDR2QgttGnx5lQg
--Imw2UZMEAV9BU760t9ZA,ugzrG73rgqpuQtoQ7O3Wyw
--Imw2UZMEAV9BU760t9ZA,vlz2JGpZcTF9lcTq74nz7Q
--J9z98Cjl4t_ZnvmNy2mA,3gBhA4bNoPWQYeONL5NPQQ
--J9z98Cjl4t_ZnvmNy2mA,64e4xiP_J4_iI_mF_HdbzQ
--J9z98Cjl4t_ZnvmNy2mA,A5AIFgnOrmMm9QsHdIDQDg
--J9z98Cjl4t_ZnvmNy2mA,aldtd7GsAkbSrDGoLsO__A
--J9z98Cjl4t_ZnvmNy2mA,DZO_4yihrCGurF6WpmXT2g
--J9z98Cjl4t_ZnvmNy2mA,Fl2xl554twCuTrJ0vjOj4Q
--J9z98Cjl4t_ZnvmNy2mA,oFo8txcQCQ9Mg5hCqwIZrg
--J9z98Cjl4t_ZnvmNy2mA,QtBv1EtTzIy3HeNrR-8FIw
--J9z98Cjl4t_ZnvmNy2mA,QZM5RrfO0z19X7Jqf2x5sg
--J9z98Cjl4t_ZnvmNy2mA,S5Uhjrf7asQmyktYC3ex6A
--J9z98Cjl4t_ZnvmNy2mA,tZAUWVfCw-kcCc7dYcXTKA
--J9z98Cjl4t_ZnvmNy2mA,ufW7UMmc27p-Af1YGIG3xg
--J9z98Cjl4t_ZnvmNy2mA,vGqdBsnSX6Eq4rVpR0s9Qg
--J9z98Cjl4t_ZnvmNy2mA,WeX6UjZSTeMfFBQGDfu1jw
--J9z98Cjl4t_ZnvmNy2mA,xHCrIfI8KTEq0Og10vmVow
--J9z98Cjl4t_ZnvmNy2mA,y1ytG30is0jj7E-edqXNFQ
--J9z98Cjl4t_ZnvmNy2mA,yPWj9W9lYnSXazgafWejyQ
--J9z98Cjl4t_ZnvmNy2mA,YwTDZUb45j39PC9-lL5kBA
--J9z98Cjl4t_ZnvmNy2mA,Zk3amxorkJ2jvx_s8l9J6A
--JjLDsPnBf39VR7JTLlSA,RvXsIbbiw9lNFkINeCs5zQ
--JjLDsPnBf39VR7JTLlSA,zHvBHjiWcMK-Q7tGQrImFA
--JzqHAkaNejih4O2O9jjw,7dmRzwPrvtRCvDMS4RJwmw
--JzqHAkaNejih4O2O9jjw,jBgZ9v4pJ2LjTY0xVxGQtA
--JzqHAkaNejih4O2O9jjw,Q3fFv_ft17OyV-NRF1iQxw
--JzqHAkaNejih4O2O9jjw,sPQ10u9ZsrCVCKhQylFxgQ
--JzqHAkaNejih4O2O9jjw,wfUaFkj5ppPqkzzfI_3NDg
--JzqHAkaNejih4O2O9jjw,Y1rwDXSNUCWwOS-lmimFnA
--JzqHAkaNejih4O2O9jjw,Yvn7DHj7o7sSCH2rNH74Mw
--JzqHAkaNejih4O2O9jjw,yw1BnJKTN5rT9sd0rRrDog
--LzFD0UDbYE-Oho3AhsOg,laylYrDD5QeVqbQ20Oc6ew
--M-cIkGnH1KhnLaCOmoPQ,TZCbIU6_8rTxxtFNUo3hBA
--Njki0ZepwkaXqLsrNOQA,9FYQyiFMKUr3MvYZJrZCdw
--pYQBDz0N8JdLILzsftEQ,3ouHaBRQnNRtqjSRTbr7tA
--pYQBDz0N8JdLILzsftEQ,ast7yCfvhIwaD53OFSXoag
--pYQBDz0N8JdLILzsftEQ,buVABIRcMiloaUtbqsuu4A
--pYQBDz0N8JdLILzsftEQ,dK5RdAEwvnCMc51Qc-voCQ
--pYQBDz0N8JdLILzsftEQ,DP4S_Nm0Dc6T1iGSmvQcng
--pYQBDz0N8JdLILzsftEQ,drnmLMre1TQRN9U1yfgOmw
--pYQBDz0N8JdLILzsftEQ,Ksh-pjTVoRC8EGMR7G-boA
--pYQBDz0N8JdLILzsftEQ,LLOWWnJ9XctClLOBZgBy1g
--pYQBDz0N8JdLILzsftEQ,M0G3zi2UH1-ESD1rtomXkQ
--pYQBDz0N8JdLILzsftEQ,N218PFYzG7ZxYU6GIUB3nA
--pYQBDz0N8JdLILzsftEQ,NDkdob1AJNZOxC0zOfeH3Q
--pYQBDz0N8JdLILzsftEQ,QB2h8hRFcVokhZuajF7Wiw
--pYQBDz0N8JdLILzsftEQ,SFJaIViNJifw9AOcrLDWdw
--pYQBDz0N8JdLILzsftEQ,sfQZwJfooWHudTBBLX_noQ
--pYQBDz0N8JdLILzsftEQ,tnu2Y50iwzyYC7rONeCzkg
--pYQBDz0N8JdLILzsftEQ,TstEnc6buaP6XLUPMgNH-A
--pYQBDz0N8JdLILzsftEQ,UjFc0f1KDMWiHDDiiYcL-w
--pYQBDz0N8JdLILzsftEQ,W9wHxTmVwUoPaGDP8DmPrw
--pYQBDz0N8JdLILzsftEQ,wB9JH5_Qblbh57rPoRepaQ
--pYQBDz0N8JdLILzsftEQ,wD0wtm1xKw_dZPwnoqgQhQ
--pYQBDz0N8JdLILzsftEQ,zZlHqWiCrCj0WKSNI1Nxlw
--RD0Z_F0tV4L-AzhOzXYA,0wM1UvbECvBhe2KP2V9mMw
--RD0Z_F0tV4L-AzhOzXYA,2YO51YA_gugwpjYj2NxXCg
--RD0Z_F0tV4L-AzhOzXYA,AZuSSh8xMwLtoapGa02WZQ
--RD0Z_F0tV4L-AzhOzXYA,Bhwz4c-yzHSkpf4A55aqVg
--RD0Z_F0tV4L-AzhOzXYA,I_a66BCmsIBJmnKqGWog-w
--RD0Z_F0tV4L-AzhOzXYA,MKXfiS8PFp-VOecO6XzG3g
--RD0Z_F0tV4L-AzhOzXYA,sLUuBLmCdVzucbLAdLZIyQ
--RD0Z_F0tV4L-AzhOzXYA,TG494DEZpKh7sNCIfUtPfg
--RD0Z_F0tV4L-AzhOzXYA,u2U5tK2oavN8ECan4GnDJg
--RD0Z_F0tV4L-AzhOzXYA,uguXfIEpI65jSCH5MgUDgA
--RD0Z_F0tV4L-AzhOzXYA,YzKzF-cYKJnnZtIj7fe3_g
--RD0Z_F0tV4L-AzhOzXYA,_hyY8DGw9kNpdXLVSn8OeA
--RD0Z_F0tV4L-AzhOzXYA,_VDQlb2tas6WbYF4d817CQ
--rlgfAvvi0BtfRDA1p-VQ,rRCesXgVG3A4BZbK56LFhA
--RM-_N1-5AiFSzdU5Gn1Q,6pidPMLOC2cySk22EW-nYg
--RM-_N1-5AiFSzdU5Gn1Q,apwAoPuMliKHO2TD7_lGHg
--RM-_N1-5AiFSzdU5Gn1Q,bnVjfyPIsh1dQ8iC1zXNkw
--RM-_N1-5AiFSzdU5Gn1Q,dDyyDel5gKUDI9HWAkigtQ
--RM-_N1-5AiFSzdU5Gn1Q,eA5qcSjCb_yehirmosRCqQ
--RM-_N1-5AiFSzdU5Gn1Q,e_xPiYSiemLE7qzcsMpWzA
--RM-_N1-5AiFSzdU5Gn1Q,F9T6m1YdRFreyKDufcyoOQ
--RM-_N1-5AiFSzdU5Gn1Q,fKDUB5uoulJVexp94yHirw
--RM-_N1-5AiFSzdU5Gn1Q,GlAL3I-vsN5dbnOP_vQV_g
--RM-_N1-5AiFSzdU5Gn1Q,gu660QrW6X-QFvBeGYs1pw
--RM-_N1-5AiFSzdU5Gn1Q,IEUbdjNyghP1XzfWAq1A_g
--RM-_N1-5AiFSzdU5Gn1Q,JwW52Vd2jj1VRtJDVRP7fA
--RM-_N1-5AiFSzdU5Gn1Q,kGgAARL2UmvCcTRfiscjug
--RM-_N1-5AiFSzdU5Gn1Q,krl4fwFhLEzZfYTGQ72vdw
--RM-_N1-5AiFSzdU5Gn1Q,li148FKNnjlwmC5Mq-qFXg
--RM-_N1-5AiFSzdU5Gn1Q,MP1sMO3U9AT9mZerwTp5Qg
--RM-_N1-5AiFSzdU5Gn1Q,Nl6ubG73In0xKItg0rmVnA
--RM-_N1-5AiFSzdU5Gn1Q,Nl8kUgXO4zbnuWa7hm_aWA
--RM-_N1-5AiFSzdU5Gn1Q,Q06S5KHbOh8T6WsafTqfmg
--RM-_N1-5AiFSzdU5Gn1Q,rjJJ8QQg-eqb7mgMxArgBA
--RM-_N1-5AiFSzdU5Gn1Q,snd45oedwXxF9tsHUX_6dg
--RM-_N1-5AiFSzdU5Gn1Q,UQnI65k8CFq5LywLR7eXiQ
--RM-_N1-5AiFSzdU5Gn1Q,WSj1-fp1I6eVA9dXErlMTQ
--RM-_N1-5AiFSzdU5Gn1Q,yw7_Ba6yRFkK92_srFj97w
--RM-_N1-5AiFSzdU5Gn1Q,YW_4jSO1AikO-7jKEqXb8g
--RMDV917dVPgQEJuc317Q,1D5EeT0QUK1woKrLL5Rkew
--RMDV917dVPgQEJuc317Q,Hj8ZZ-zNxKuzjc5AVTMqYQ
--RMDV917dVPgQEJuc317Q,KcuAjM26igGLKhslCE1Tig
--RMDV917dVPgQEJuc317Q,wkc6ChHcNMHDvFUDgZdv_A
--rNal_ecvXAHZ7kLDBRZA,0KA2P5mrpNlUJ4_qiKS13w
--rNal_ecvXAHZ7kLDBRZA,1ppOAsPAD2281OjbaPm1Hg
--rNal_ecvXAHZ7kLDBRZA,3lPLOLeeJVyJFtLphJ6xzA
--rNal_ecvXAHZ7kLDBRZA,DglSIRnl69GUqHvVnG3QaA
--rNal_ecvXAHZ7kLDBRZA,dyA6Pf2DtGIrSrTSpIK-pA
--rNal_ecvXAHZ7kLDBRZA,i63u3SdbrLsP4FxiSKP0Zw
--rNal_ecvXAHZ7kLDBRZA,PPSJlFnbYhh2tLrUN6E1Wg
--rNal_ecvXAHZ7kLDBRZA,qbE15-siwS3r44IlWpyPQA
--rNal_ecvXAHZ7kLDBRZA,QKdz3MtsIQh4fqDl3CQZWg
--rNal_ecvXAHZ7kLDBRZA,yEFS6Ap9ngMiPJLvXINvAg
--saJSglfuI-HOKzV_46Qw,qDfvrTTxysFCIGjdAlZLVw
--uI2SYe5UcjMZ6TpLklqg,07ws7UFOvtDTLfHkt-XWEg
--uI2SYe5UcjMZ6TpLklqg,0teKVwkpbGlDxqiWRGndSQ
--uI2SYe5UcjMZ6TpLklqg,44-fkNhm_1WkkWbD71nHFQ
--uI2SYe5UcjMZ6TpLklqg,aUn8mho-iDedTaBUaDTiqw
--uI2SYe5UcjMZ6TpLklqg,BkxbkiTa9_9A7j-0BRGEhQ
--uI2SYe5UcjMZ6TpLklqg,HqosnsRqIsZk4XamkN87-g
--uI2SYe5UcjMZ6TpLklqg,K-WpSunxNoyaQW4EnXqBZQ
--uI2SYe5UcjMZ6TpLklqg,lmiDCrmas8TxRsbIGZX9Pg
--uI2SYe5UcjMZ6TpLklqg,MOdILSTOFnq0iXHN9l8_zA
--uI2SYe5UcjMZ6TpLklqg,mZ-WAF20M2XOK-lZaHurFA
--uI2SYe5UcjMZ6TpLklqg,OFFB2P4nhWhBQ7e4WWU9xg
--uI2SYe5UcjMZ6TpLklqg,qKRE_7osP1zUbrMxp3nI_w
--uI2SYe5UcjMZ6TpLklqg,RUBbavdRixfbEg9dTxg36A
--uI2SYe5UcjMZ6TpLklqg,tox_0Je2ps92vCucOGOZMQ
--uI2SYe5UcjMZ6TpLklqg,U5xVOXoNBtAIW25ThvX_ng
--uI2SYe5UcjMZ6TpLklqg,Uc8QlwXVrsj--xFmaJUm9g
--VxRvXk3b8FwsSbC2Zpxw,7wsgSGuT0EHBZiIWfOz-kw
--VxRvXk3b8FwsSbC2Zpxw,7Z8mLE_bvyrubNkF02F_pg
--VxRvXk3b8FwsSbC2Zpxw,CavQe1Vip9pBVa6JtRgPwQ
--VxRvXk3b8FwsSbC2Zpxw,D7_VivGHNJ_XJrGPOrrApQ
--VxRvXk3b8FwsSbC2Zpxw,fL4R4MinYOlbrzHAzyNBwQ
--VxRvXk3b8FwsSbC2Zpxw,GRgBu4K7GOb3354esp_xkg
--VxRvXk3b8FwsSbC2Zpxw,hG1oNdsgO4jFwI5LY1I8xg
--VxRvXk3b8FwsSbC2Zpxw,hgqkI3Qx6ysJiQR2IGEtKA
--VxRvXk3b8FwsSbC2Zpxw,ly4f6M2sjgyMMfWsiukqSg
--VxRvXk3b8FwsSbC2Zpxw,o7sNqbEsMrztrVV_3RU4Hw
--VxRvXk3b8FwsSbC2Zpxw,YiqS9_jvHXSS0wDcv4uDNg
--VxRvXk3b8FwsSbC2Zpxw,yOWqIERNdcWyz2COpFxfkw
--VxRvXk3b8FwsSbC2Zpxw,_4vrShcrLqy-e7Otiqm2FQ
--wycB56pMhW5AP4pYpX0A,1B4nYkQR-VPh7MhDEg3EkQ
--wycB56pMhW5AP4pYpX0A,1sDu-W8uXNZZLuWGcohy2g
--wycB56pMhW5AP4pYpX0A,59HHn3MENZJMvazbUpV_xg
--wycB56pMhW5AP4pYpX0A,5KARYIe6Dfwifvnr87enKw
--wycB56pMhW5AP4pYpX0A,8htnxaHdHdszqnXMJHFWFw
--wycB56pMhW5AP4pYpX0A,BtQVxFotHFK3T2FtIrBWmg
--wycB56pMhW5AP4pYpX0A,EmCYM2jPtMduSUuiJQmQqA
--wycB56pMhW5AP4pYpX0A,hG1oNdsgO4jFwI5LY1I8xg
--wycB56pMhW5AP4pYpX0A,jVR93GouhfL4b1c7NryLnQ
--wycB56pMhW5AP4pYpX0A,klSJTNSCCbjP7ObQUXuoVg
--wycB56pMhW5AP4pYpX0A,Lp2G664ePG-JFxwXZQtm8Q
--wycB56pMhW5AP4pYpX0A,MBo7yUTHs36opOkR6bLDLw
--wycB56pMhW5AP4pYpX0A,OaqnrdmDVX5cwc6OwZg_cw
--wycB56pMhW5AP4pYpX0A,ph0cimY6QrUgTncHFI_78A
--wycB56pMhW5AP4pYpX0A,UHOFZkgIvb8sn3RSPMXMSQ
--wycB56pMhW5AP4pYpX0A,Y6nFfP2v17y5hqEmZp05Mw
--wycB56pMhW5AP4pYpX0A,_5EJuVF8Cz5Qn2d4DnbC0A
--Yzpb7MUxskzAXktJtlEQ,2XMbpVNNHJw3PcroHdE79w
--Yzpb7MUxskzAXktJtlEQ,67vi4aJsSPoyyXYHyLkOgw
--Yzpb7MUxskzAXktJtlEQ,6GmX5V69Vf5EQhrLpsNKBw
--Yzpb7MUxskzAXktJtlEQ,9VSegbNRzNlGKfBUv23vNQ
--Yzpb7MUxskzAXktJtlEQ,9vx2FxjDNGe8VsB3juwRUA
--Yzpb7MUxskzAXktJtlEQ,9zyAD-52tXo-rkcGG3alIA
--Yzpb7MUxskzAXktJtlEQ,bP3HZeU6-gduJMmLOYoXgQ
--Yzpb7MUxskzAXktJtlEQ,bwG8XE7TboCtgOtOdf0LIw
--Yzpb7MUxskzAXktJtlEQ,CB5d-ffAZOMe6-ynUJ-_mw
--Yzpb7MUxskzAXktJtlEQ,eL3UMIohs3ADMkHXltxCAA
--Yzpb7MUxskzAXktJtlEQ,FEpOUhEcooDYUL-OvbgoSQ
--Yzpb7MUxskzAXktJtlEQ,FSMW9ynjNpuackZ-I5Dmqg
--Yzpb7MUxskzAXktJtlEQ,gGs8yugcnor9wFHOt45sIw
--Yzpb7MUxskzAXktJtlEQ,GWOgvgd4Z9bzTdxQN-yy9A
--Yzpb7MUxskzAXktJtlEQ,NsIoM2PlaL28E-jbrs4Zlw
--Yzpb7MUxskzAXktJtlEQ,NszTH6Y-BB9bp98hnb2cHw
--Yzpb7MUxskzAXktJtlEQ,odX80BwooykKLorHoB3SKQ
--Yzpb7MUxskzAXktJtlEQ,RdPLa7kD1CToJvadyf3qiw
--Yzpb7MUxskzAXktJtlEQ,rgV4EdZvRB0sWD1AkzkxeQ
--Yzpb7MUxskzAXktJtlEQ,ROENn-OYL2EP-zWxaCw63Q
--Yzpb7MUxskzAXktJtlEQ,T0ffk3BlWOOE8p-LHDBMRw
--Yzpb7MUxskzAXktJtlEQ,TK5zU3qoruJm-bPedx-2Dw
--Yzpb7MUxskzAXktJtlEQ,y-S_70oFE66oJtDiQZIK-Q
--Yzpb7MUxskzAXktJtlEQ,YSCMpOe1q6ox2V8iFoDX3Q
--Zyf5gfMwzJHpypTNiU7g,ihWXqbZtn0nhQ-xJ6-YR4w
--Zyf5gfMwzJHpypTNiU7g,JQCqrWem8S5yvXhVMzW4rQ
--_L4WuJxAfQkRtC1e43hg,UTGqubcmDv1cNe5-k8-OeA
--_ptq_Mp8p9oeCWFT8NJQ,uPg_zWNz6rgT036Xpca8Tg
-02LD_yedEFQKLuLDO-gWw,bZq5PwU3zD5XKOMRrq8izg
-03UjydLhAeSHlTJn_6nYA,K2lWJ8GtJBeH1dEYMp-VAg
-03vvla3SZGX_DOusubxWQ,GfIyDDyJfFgmZO5StLfj6w
-05BW06kotCYzt8ZpmbWFA,-1bz6TmraCyMN1D0-NP3Xg
-05BW06kotCYzt8ZpmbWFA,22vx9uKV666UVwX5FCIgMQ
-05BW06kotCYzt8ZpmbWFA,2suqpk9YXbV5HhOYY93QRA
-05BW06kotCYzt8ZpmbWFA,7a_FT-ctq3s0KSpHlSi_MQ
-05BW06kotCYzt8ZpmbWFA,AQHE0uC640GXqt17_UcszA
-05BW06kotCYzt8ZpmbWFA,cebQRa1E2SduKKq-m9UJSg
-05BW06kotCYzt8ZpmbWFA,codU6lTTNxp0sOw4aYqHxg
-05BW06kotCYzt8ZpmbWFA,DOtQTggDX3ntGiHO-QIsnA
-05BW06kotCYzt8ZpmbWFA,dToVd0dbHbrq-r0oHhu1uw
-05BW06kotCYzt8ZpmbWFA,fnP-gkB94W1XGgzWBCo7Yg
-05BW06kotCYzt8ZpmbWFA,fZB6v91saLHQP0xefUE7VA
-05BW06kotCYzt8ZpmbWFA,gmpYwkpufpIgXVIThj2SKw
-05BW06kotCYzt8ZpmbWFA,hUs4IAJ0kvSUKwLey2YXVg
-05BW06kotCYzt8ZpmbWFA,HydAOo8H9EuOX-kV2_0Tsw
-05BW06kotCYzt8ZpmbWFA,iGihZLnEgg3YX9nmMVb3fg
-05BW06kotCYzt8ZpmbWFA,iQ4Fv695Y4bWhTctg6zI5Q
-05BW06kotCYzt8ZpmbWFA,lHSd7AsLFuXGd4X_Ppm_ng
-05BW06kotCYzt8ZpmbWFA,lterJiijJ3t1Al3xAPs-MA
-05BW06kotCYzt8ZpmbWFA,lXJKYhYh8ESN3UF6jV_xDA
-05BW06kotCYzt8ZpmbWFA,MfhpKxZsBtNjb-68aXyHTQ
-05BW06kotCYzt8ZpmbWFA,ObERoaIuAfF1FEt0vssj0Q
-05BW06kotCYzt8ZpmbWFA,qExu6r3hWDTTIc2k-xvHhQ
-05BW06kotCYzt8ZpmbWFA,RH7QIxRsixhakuS_eHlMtQ
-05BW06kotCYzt8ZpmbWFA,rKAVKDiEjn-qB-jtveK7dg
-05BW06kotCYzt8ZpmbWFA,rStNvcTU0yziUNy1LWJZvA
-05BW06kotCYzt8ZpmbWFA,SMFnxRYWlwT3Z5skFx2BxA
-05BW06kotCYzt8ZpmbWFA,SqA_FmjVUSkudkenP0FUWw
-05BW06kotCYzt8ZpmbWFA,Vvyob11G9EXUmfQwGV0j3A
-05BW06kotCYzt8ZpmbWFA,WAhvWKFCUkIeNe0YOqO-Hw
-05BW06kotCYzt8ZpmbWFA,ZkSYkbVwPw_3BrcqreFCtw
-05BW06kotCYzt8ZpmbWFA,_BKKB-0ioXfsJDc_0yEPrg
-05sPcciFbK8O_Npx8Dz2A,-A_AQtrJFVgEzIOGa-5pfg
-05sPcciFbK8O_Npx8Dz2A,dIkmuB2kOkuOUztDavGZng
-05sPcciFbK8O_Npx8Dz2A,GZ9kx3IQe15JWrVGrAQZ8A
-05sPcciFbK8O_Npx8Dz2A,py6xKO1optD6DD1Z2ZiqCg
-06ifsvAIJR7AAjn0BP3Ew,-GInB7h8kCS2bWYsO33wdQ
-06ifsvAIJR7AAjn0BP3Ew,-igb5XGjnWymT1RDyViT_A
-06ifsvAIJR7AAjn0BP3Ew,-UOtC3uKrZUvShvMmwxwBQ
-06ifsvAIJR7AAjn0BP3Ew,5g3TCBmcwXohBqRNAmTGag
-06ifsvAIJR7AAjn0BP3Ew,5IIDStqvkJ_2dLwdDBCYDQ
-06ifsvAIJR7AAjn0BP3Ew,6fRjN9A_tQ7UOlrN5CVV-g
-06ifsvAIJR7AAjn0BP3Ew,78Q0VRHSuX7gJOltjWGkvA
-06ifsvAIJR7AAjn0BP3Ew,7FoOAhAI4Ld4kGh8zL2tPQ
-06ifsvAIJR7AAjn0BP3Ew,7QmfrXtaetre_8rDOMkkvw
-06ifsvAIJR7AAjn0BP3Ew,7sUcJZfg1QVFaUy7pGsPOg
-06ifsvAIJR7AAjn0BP3Ew,7Zx5ZvFi2O_jNgqNnI4Usg
-06ifsvAIJR7AAjn0BP3Ew,8Khia5lhwJvjaJZJvpjgzQ
-06ifsvAIJR7AAjn0BP3Ew,8RD8D5gbZgdmpW9br_e_DA
-06ifsvAIJR7AAjn0BP3Ew,9gMOJs1MenpPp7O4j5YBPg
-06ifsvAIJR7AAjn0BP3Ew,9WTAENyPiYxVviEI-v-MVw
-06ifsvAIJR7AAjn0BP3Ew,a7YgpOjs4-fCsRayqhAlPQ
-06ifsvAIJR7AAjn0BP3Ew,BS_XFVxBA46NXMcJOExYfw
-06ifsvAIJR7AAjn0BP3Ew,bUk_7Kk2RJ8oFePSWscCMA
-06ifsvAIJR7AAjn0BP3Ew,BWodVnFbZE04oFc5fKsykA
-06ifsvAIJR7AAjn0BP3Ew,C2yECO3s6gspCo4-cLqM1Q
-06ifsvAIJR7AAjn0BP3Ew,coueo-JS750pooXwqqvQBQ
-06ifsvAIJR7AAjn0BP3Ew,DB4jK0X25s5Qq2hbHeQ5bg
-06ifsvAIJR7AAjn0BP3Ew,DQ4Pwp2JDVQFWcDGf5leSg
-06ifsvAIJR7AAjn0BP3Ew,dQhd0Wfn59TYWf2GVukEww
-06ifsvAIJR7AAjn0BP3Ew,DYGJqnVhJZZyXaDG0aO85A
-06ifsvAIJR7AAjn0BP3Ew,ERzjggWSengUehLDyKLpPA
-06ifsvAIJR7AAjn0BP3Ew,F-HGx6vuZBtnf2jctZqvtA
-06ifsvAIJR7AAjn0BP3Ew,fHpYtlYKasThl8OFfacIOw
-06ifsvAIJR7AAjn0BP3Ew,FwEZJumJbqkDVR6x6yaT-A
-06ifsvAIJR7AAjn0BP3Ew,G-dnacQUXVa3iaadytNcbA
-06ifsvAIJR7AAjn0BP3Ew,gpNEtigz97TMBR_SxcQEuA
-06ifsvAIJR7AAjn0BP3Ew,HCEx4oFYz1GhBpnvPCZphA
-06ifsvAIJR7AAjn0BP3Ew,Ib-N9L--1jfpuPLVKNYjnw
-06ifsvAIJR7AAjn0BP3Ew,iLEwkdjDMho7xv9bgQq13w
-06ifsvAIJR7AAjn0BP3Ew,kBKju4_Pcou-76T48FFMvA
-06ifsvAIJR7AAjn0BP3Ew,KNyQgVsizuRWBKxW7yOu1Q
-06ifsvAIJR7AAjn0BP3Ew,l447wI90VhdE7iuzglGoQQ
-06ifsvAIJR7AAjn0BP3Ew,L6YKs3BfmTyuKOETCNtWQQ
-06ifsvAIJR7AAjn0BP3Ew,lQyYd6OjobDPlBTmbAbEKw
-06ifsvAIJR7AAjn0BP3Ew,LswEtplqquKvrJTr8_ZhGA
-06ifsvAIJR7AAjn0BP3Ew,n7Hyd6hGQ7JKj9iyt36rjQ
-06ifsvAIJR7AAjn0BP3Ew,NRlfsvcB68_sRFTINAClvA
-06ifsvAIJR7AAjn0BP3Ew,OGC_m0ckvY-kh7M6521GKg
-06ifsvAIJR7AAjn0BP3Ew,p3ZOTxY2RmXV48QaCd7SJA
-06ifsvAIJR7AAjn0BP3Ew,qKtgKztcIHZzet1yc-rszw
-06ifsvAIJR7AAjn0BP3Ew,RQcyZZRav9iso8oOmhJpDg
-06ifsvAIJR7AAjn0BP3Ew,rqfkmiyyIQNZwwmastpTzw
-06ifsvAIJR7AAjn0BP3Ew,sce7wY7dQIKR98yQByeL9w
-06ifsvAIJR7AAjn0BP3Ew,sN8K_1wL22I6B0p-IZiHHw
-06ifsvAIJR7AAjn0BP3Ew,tan5oe0RkjK-McJB2RQUxA
-06ifsvAIJR7AAjn0BP3Ew,TScCsdO0AtMHFL-5mBJW6Q
-06ifsvAIJR7AAjn0BP3Ew,umxxTP0FOpzsG69OAjfrGQ
-06ifsvAIJR7AAjn0BP3Ew,vBULkdsS7HGgPiC_4slD3A
-06ifsvAIJR7AAjn0BP3Ew,vR25bC4Hn65ELn4qH4w4QQ
-06ifsvAIJR7AAjn0BP3Ew,Vw6adHnNLAQVZeOaTOfHuA
-06ifsvAIJR7AAjn0BP3Ew,VYHdYFb5Ul_zhqoRJyTKrw
-06ifsvAIJR7AAjn0BP3Ew,w8xNJpLuf_CiGaNwTdo3Hw
-06ifsvAIJR7AAjn0BP3Ew,WlgudYoedKc8XxSF-NVdkg
-06ifsvAIJR7AAjn0BP3Ew,WREMT3MtYJ3i8K7QXEA1Pw
-06ifsvAIJR7AAjn0BP3Ew,xC_MObO0AkxMcvowKGUBSA
-06ifsvAIJR7AAjn0BP3Ew,zFWux3pL74Fx8bNsB8q5Xg
-06ifsvAIJR7AAjn0BP3Ew,_IIWzVFZKKP-uQA50WRiuQ
-06LYbA4Qm_9E83KNT1Jrg,2Pw5Y-ZRlnSPy2K5jU2wEw
-06LYbA4Qm_9E83KNT1Jrg,DJJ8hHAiIAA3tL6bBg4GUw
-06LYbA4Qm_9E83KNT1Jrg,drGIGtfLISviz3CWMNE6XA
-06LYbA4Qm_9E83KNT1Jrg,fAgwEaDtRxJcGZycz0Pu4g
-06LYbA4Qm_9E83KNT1Jrg,Fky6k88rN4_XN-wicz_9Vg
-06LYbA4Qm_9E83KNT1Jrg,Gr3-OKwmC85d2uLMbMDYMQ
-06LYbA4Qm_9E83KNT1Jrg,Hj-uPtsI4hMa6MoihekQ-A
-06LYbA4Qm_9E83KNT1Jrg,hSZrn3sB_hzeFIkSLMzFCw
-06LYbA4Qm_9E83KNT1Jrg,mXysGPjwr2oTnMseGNqWzg
-06LYbA4Qm_9E83KNT1Jrg,N1YCsdpF3QYIwS_afot1yw
-06LYbA4Qm_9E83KNT1Jrg,nIu6zPS30qNR2VFWxseuvQ
-06LYbA4Qm_9E83KNT1Jrg,Or2wAppYLDw6kzcK-dPdMw
-06LYbA4Qm_9E83KNT1Jrg,qJ-iWIG8pw7S5SXE3JJbow
-06LYbA4Qm_9E83KNT1Jrg,uaaK-Ix3EnJfwAs9O92Xew
-06LYbA4Qm_9E83KNT1Jrg,Vq7mSrFyHdu8jtXuRjiYBw
-06LYbA4Qm_9E83KNT1Jrg,XQ9YoZLC3Q50OtTZIjTFIA
-0AH2QoTlvKDf7CcjkJ39Q,-Rk_M0veSqcwPrmkEKIiRQ
-0AH2QoTlvKDf7CcjkJ39Q,9K-LuGmJ7NyHMO6Jl-dr8g
-0AH2QoTlvKDf7CcjkJ39Q,XcEqqQ-MQJiH304ifvOOAw
-0aiA1YdfvrJWQv8N1LGsg,2dRFso4q51RFKhxntL9vFA
-0aiA1YdfvrJWQv8N1LGsg,2v6p3fVuGLOelc3J3gZB6Q
-0aiA1YdfvrJWQv8N1LGsg,3oEsI0mJmuDO6kSZLJk5Mg
-0aiA1YdfvrJWQv8N1LGsg,4h37z6f3Q9rlqmqd8uDz9w
-0aiA1YdfvrJWQv8N1LGsg,65uTtfJhrOUp_HyioS4Igw
-0aiA1YdfvrJWQv8N1LGsg,6g2UE3r4g2mDc6wsO9bAHg
-0aiA1YdfvrJWQv8N1LGsg,7V67RsWuN02rUVY9ESIWTQ
-0aiA1YdfvrJWQv8N1LGsg,7xFtlalAeriAP79SZg3CTA
-0aiA1YdfvrJWQv8N1LGsg,9Kh4tjcII30pykYVjuCXCg
-0aiA1YdfvrJWQv8N1LGsg,c1ElcK2niSCyvV6LalHarg
-0aiA1YdfvrJWQv8N1LGsg,DnhS_F1YLPC7o-CYFpShqw
-0aiA1YdfvrJWQv8N1LGsg,elpRcMJAh_VkK3A1BDWx_g
-0aiA1YdfvrJWQv8N1LGsg,eqInxVkd8Bx_ydGba_gzQg
-0aiA1YdfvrJWQv8N1LGsg,IbaM0XUMmrGHKIPfm9szIw
-0aiA1YdfvrJWQv8N1LGsg,IM2kXG_lUDU4hImVSRVkYw
-0aiA1YdfvrJWQv8N1LGsg,jPNoWSHn0sSdpo4zqfARNg
-0aiA1YdfvrJWQv8N1LGsg,JqaFfOsOFM_nx-dpKnFp8A
-0aiA1YdfvrJWQv8N1LGsg,k-Kj_DVRGS9DQU2KzuFS0Q
-0aiA1YdfvrJWQv8N1LGsg,Mu53Pa8qUu4sk1DYNrU7Lg
-0aiA1YdfvrJWQv8N1LGsg,or2Qi8zVqCPbl-zusN_3kA
-0aiA1YdfvrJWQv8N1LGsg,oWKBHNGxTyp7B0Yr1dRxpw
-0aiA1YdfvrJWQv8N1LGsg,QtBv1EtTzIy3HeNrR-8FIw
-0aiA1YdfvrJWQv8N1LGsg,QYES_c-F13OhsFGB4twmgg
-0aiA1YdfvrJWQv8N1LGsg,RGqyo3CHB8vAh7GHIjcu6Q
-0aiA1YdfvrJWQv8N1LGsg,RrTEkqsFpeJzMnIxgLNrpA
-0aiA1YdfvrJWQv8N1LGsg,TxDxTrZiwimhnzeSxigPTA
-0aiA1YdfvrJWQv8N1LGsg,VWMZgH5aoscaI9uqkmfk4g
-0aiA1YdfvrJWQv8N1LGsg,wvg182bnbIfxNrdgKgcG8A
-0aiA1YdfvrJWQv8N1LGsg,ydgWVHUE_-Med9Wb7T5C3w
-0aiA1YdfvrJWQv8N1LGsg,zZlHqWiCrCj0WKSNI1Nxlw
-0ApJbKkHEM2cJLolMnmEQ,-5cz4r4uk6K98Dk5D--a5g
-0ApJbKkHEM2cJLolMnmEQ,84eQ6qU8dVOJGHdNGRJIsw
-0ApJbKkHEM2cJLolMnmEQ,AZuSSh8xMwLtoapGa02WZQ
-0ApJbKkHEM2cJLolMnmEQ,eP6pMewUO7ITrye1c9raPw
-0ApJbKkHEM2cJLolMnmEQ,M63tEwVyQe_OAVft2QE48A
-0ApJbKkHEM2cJLolMnmEQ,nRUke0vqaTzdzY-vIk-m9Q
-0ApJbKkHEM2cJLolMnmEQ,PKVjB0k1Ulw3lobBZAzjKA
-0ApJbKkHEM2cJLolMnmEQ,t4UObNrQAZ_YdlsTVIyAhQ
-0ApJbKkHEM2cJLolMnmEQ,WtLqiPdwbHkkir6DII-N3w
-0ApJbKkHEM2cJLolMnmEQ,xXbzvsPrQYslpGntn6bAsQ
-0ApJbKkHEM2cJLolMnmEQ,ZuoBVcwY2_C181w8ESfYSA
-0bHQFYvhmQlZBovFR6YAA,9ZEtcowigV4X_dKCzn5qwA
-0bHQFYvhmQlZBovFR6YAA,dSyz4io3GtUepErh9-USyA
-0bHQFYvhmQlZBovFR6YAA,LU4ywdFGDZPrrXGPBewl1A
-0D3oSKIIWCTtii9ggLpcw,B3gBc0sbm-DNUfhYDR_bEg
-0D3oSKIIWCTtii9ggLpcw,cN0dDzOCqhwNvHDZQkwrTw
-0D3oSKIIWCTtii9ggLpcw,CwBJHH_curAb9q9kzcDrwQ
-0D3oSKIIWCTtii9ggLpcw,eX77Ia71jAxA6BFb142eLw
-0D3oSKIIWCTtii9ggLpcw,F2kqY70K657FOh0I8MSJPQ
-0D3oSKIIWCTtii9ggLpcw,HkD9Lblm_ljiUOrlHIdZLQ
-0D3oSKIIWCTtii9ggLpcw,kcWSLAUUnkPXM22AlZCoRA
-0D3oSKIIWCTtii9ggLpcw,KGDNcUHpSwFxHCXTAaFMtA
-0D3oSKIIWCTtii9ggLpcw,MRrfYuudBa5H9EaIxsKpqg
-0D3oSKIIWCTtii9ggLpcw,nNRbfPk9sb8reIcYHUzYWg
-0D3oSKIIWCTtii9ggLpcw,pBL7LhYTPjocHSZwSU8kSw
-0D3oSKIIWCTtii9ggLpcw,U14IHoSXcztl-4PjyY0pug
-0D3oSKIIWCTtii9ggLpcw,Vj0BnAETHLdCpYB8FhLeaA
-0D3oSKIIWCTtii9ggLpcw,WPmSh_u-dKTkAacRZgUBww
-0D3oSKIIWCTtii9ggLpcw,yGb99LvM0UF8DCN489a6vA
-0D3oSKIIWCTtii9ggLpcw,_i9svg79IM_uRSJolTxe9g
-0DRa69RLdSSNrc57P_5ew,hWD_PTfJUXjIYb1UJ0wNFg
-0DRa69RLdSSNrc57P_5ew,ifkTViV_buOHEigExzEVRQ
-0DRa69RLdSSNrc57P_5ew,RH2K7RqzkGUa0pD0nSMDcg
-0DRa69RLdSSNrc57P_5ew,tZs84cKAUSOtP_nAiSdreQ
-0DRa69RLdSSNrc57P_5ew,wx12_24dFiL1Pc0H_PygLw
-0DRa69RLdSSNrc57P_5ew,_lmmIZeJTv8roWn8qU3oIQ
-0Dxl-TDjTShfC31OHyQXw,FZdslwB7Gwrj4ol5-0iWrw
-0Dxl-TDjTShfC31OHyQXw,kNtuMa19HAvQzrAFjXc0RQ
-0Dxl-TDjTShfC31OHyQXw,pep-wMgm33Ocxm3pAUZJ4w
-0EsHsk6xnmF7Vvu6ckoag,IU9ArEUIijrMqNEgVKZDuw
-0ETqxKsxIBnmJklugoTrg,UU4tdJKNaaf2igx3syA5cg
-0fMBkX7QvWKQrtOp7H-GQ,fTlX6YCEY8uwNCWzGtvx-A
-0fMBkX7QvWKQrtOp7H-GQ,gMacDEsnej26XRBoXQUaow
-0fMBkX7QvWKQrtOp7H-GQ,I0wrF0tgrd4PsFhIASNwLw
-0fMBkX7QvWKQrtOp7H-GQ,jHf_i8i4LwaknsIE0rJHMA
-0fMBkX7QvWKQrtOp7H-GQ,nLpLiQiasPzvs2NLd8A4qg
-0fMBkX7QvWKQrtOp7H-GQ,TZMlIU2jB1i8CNzGPIZPMg
-0fMBkX7QvWKQrtOp7H-GQ,YDJzGp40XHjquqXYhkH0Xw
-0gn6u0k3qEeRIS_ez72XQ,-dygRRGfPBVHTRGaqvZSpw
-0gn6u0k3qEeRIS_ez72XQ,e3Wuufes-LZNQifhhDAHQQ
-0gn6u0k3qEeRIS_ez72XQ,FUm7vNMMyK083zE6eXHI7w
-0gn6u0k3qEeRIS_ez72XQ,NfNt31H1OijPwZ6W3x13xA
-0gn6u0k3qEeRIS_ez72XQ,sKm-Q1BOSm_QXM-S78Q9EA
-0gn6u0k3qEeRIS_ez72XQ,Uvh0qcPUiuY9aIIwhvYBNg
-0gn6u0k3qEeRIS_ez72XQ,wzkm6w11zm4VnedIOaD_0g
-0gpw3UY1l7dH5IQ7qUG2A,-qdz985mt9OnS2MLny5SWA
-0gpw3UY1l7dH5IQ7qUG2A,8N481iGgsUYA1-TtESOntw
-0gpw3UY1l7dH5IQ7qUG2A,AbO18pf8bXG1qF9bb9L6wQ
-0gpw3UY1l7dH5IQ7qUG2A,e4ca7ZtD4CzzSSBe-EpZgw
-0gpw3UY1l7dH5IQ7qUG2A,gIWhLgPNT1TFWBZtShNKnw
-0gpw3UY1l7dH5IQ7qUG2A,gMVNJEesZVasSqczjmFE7g
-0gpw3UY1l7dH5IQ7qUG2A,GUrPmYze-oF6NFDJusiSNw
-0gpw3UY1l7dH5IQ7qUG2A,gZrOmKBM2xYZNXCDImfyCg
-0gpw3UY1l7dH5IQ7qUG2A,OsR_9W-GI6gtK2M67JoRaQ
-0gZ9aQoF_yL8v0Yv0Oo9w,ozfjeWS-7p92rDm-m_iDsg
-0heMfd5ngN1qm3vrVL83g,8pOmZsOISjpxbdX3vdbA5g
-0heMfd5ngN1qm3vrVL83g,kb_gDoTlPHf_Pk-L9sGMtA
-0itF0VWVBe3k2AdfUReGA,-Sjhodaq2F0vPXXmQv1FJg
-0itF0VWVBe3k2AdfUReGA,2UC3rwRm6swuNFt_GhKOhw
-0itF0VWVBe3k2AdfUReGA,4cW3iQW6JD1C8VxYP0eyXg
-0itF0VWVBe3k2AdfUReGA,6Mflt7fworNLu031TDrDSA
-0itF0VWVBe3k2AdfUReGA,7oN4DePbEmTfbaTjUjE3jg
-0itF0VWVBe3k2AdfUReGA,9cCTmiJ7hz35rHIdr8n9kA
-0itF0VWVBe3k2AdfUReGA,9OZH1Ecw-qUkCW5MS0NefA
-0itF0VWVBe3k2AdfUReGA,aJf2Efw3pilH26zmSn2lPw
-0itF0VWVBe3k2AdfUReGA,bvu13GyOUwhEjPum2xjiqQ
-0itF0VWVBe3k2AdfUReGA,dGEAzFX7dZO7pZulTPvIzA
-0itF0VWVBe3k2AdfUReGA,dLSjb4_VFZz07xBcsR4BiA
-0itF0VWVBe3k2AdfUReGA,DLu1Bum8EXNE62xno-v0VA
-0itF0VWVBe3k2AdfUReGA,DXnFLwB3wetH3uAV1zaDrg
-0itF0VWVBe3k2AdfUReGA,fwsJGulnozT2U6FefsLiFw
-0itF0VWVBe3k2AdfUReGA,FyCBkNXwoI_6X6apbslg4g
-0itF0VWVBe3k2AdfUReGA,GYNfjDbSlpdRK2qC8RqatA
-0itF0VWVBe3k2AdfUReGA,hkbwjnY42LDloMV84Yoy5g
-0itF0VWVBe3k2AdfUReGA,hru2IDwSyN61sgWPtJw_hA
-0itF0VWVBe3k2AdfUReGA,l1UPKFZmGzffo-nqauDswg
-0itF0VWVBe3k2AdfUReGA,nEYPahVwXGD2Pjvgkm7QqQ
-0itF0VWVBe3k2AdfUReGA,op2Gve4sAMQ4qEzq2Tad0g
-0itF0VWVBe3k2AdfUReGA,PKBiAuCsCD0Y6TaFpNdlzw
-0itF0VWVBe3k2AdfUReGA,pKh4Pc96YbOg-6hBOOajAA
-0itF0VWVBe3k2AdfUReGA,qaMsP2zsLnelcd4Hj60TmA
-0itF0VWVBe3k2AdfUReGA,qnxh-3mYWWPN_k6OkmSJiQ
-0itF0VWVBe3k2AdfUReGA,RJ5zS2eWp6iBNwjX2Uc_Zg
-0itF0VWVBe3k2AdfUReGA,S5dRUvL8K9w34KOASgm0xA
-0itF0VWVBe3k2AdfUReGA,sfHFcYsvbxQ05GnG3temyQ
-0itF0VWVBe3k2AdfUReGA,UD7Y1CqfY6mDmRwIuCf6nA
-0itF0VWVBe3k2AdfUReGA,xpvpJB3DArM9zhb10Z1rvg
-0itF0VWVBe3k2AdfUReGA,YAvFN_0NaxOT74O1zqYaaQ
-0jDTqgP20wSgRZrNSIL7w,2TPr1OjDTMKSM08iA4lCyA
-0jDTqgP20wSgRZrNSIL7w,epkeWgI6HDs8nudYy_ZHAw
-0jDTqgP20wSgRZrNSIL7w,g-jmv3hzoqIz8Lpq4pCmVA
-0jDTqgP20wSgRZrNSIL7w,s4mPnuPq4r-0V6cf0ebiqw
-0jDTqgP20wSgRZrNSIL7w,sN8K_1wL22I6B0p-IZiHHw
-0jDTqgP20wSgRZrNSIL7w,WNScBWfp2nYcR87rjW0BGw
-0jDTqgP20wSgRZrNSIL7w,xYirngE-3hlVQf1f0jEu5A
-0MGEWw692xeqwmdvsnFZw,e6GiLUdbUaPX7-P9QtHrXg
-0MwH67T9Hr4skmWjut_rw,2zx-Rt0q_Wcj0ouKN7uGtg
-0MwH67T9Hr4skmWjut_rw,avKm8yuDEDyleBsX6RwzTw
-0MwH67T9Hr4skmWjut_rw,bnR9qV3-J-zJpkKMmzE3Ww
-0MwH67T9Hr4skmWjut_rw,Cr6PTV48iqvDEMh-kkLf6w
-0MwH67T9Hr4skmWjut_rw,dei3mPOVi8d4gvd9O-BBNg
-0MwH67T9Hr4skmWjut_rw,DMSbTgxQte9W7FhiX5YR-w
-0MwH67T9Hr4skmWjut_rw,E9rVMg_eaMjczghqyorfgA
-0MwH67T9Hr4skmWjut_rw,eF9f0M3k-HkzvORxUNe6rg
-0MwH67T9Hr4skmWjut_rw,g47XaKLXs4g3fxXhRz0XDw
-0MwH67T9Hr4skmWjut_rw,gHTQyPfUr47uNRLEPBpFFA
-0MwH67T9Hr4skmWjut_rw,Il3g-iFSyxGx89ei7tRq0Q
-0MwH67T9Hr4skmWjut_rw,kTOOQ7vo3YYarWKeldNvJg
-0MwH67T9Hr4skmWjut_rw,wOVAzpv_X-5KRZ7hWwuhqw
-0MwH67T9Hr4skmWjut_rw,zbY0Ik_O4diAmw7ZKh0_YA
-0Nh5pbC-NoCVgT2bgbcRA,fwsJGulnozT2U6FefsLiFw
-0nLkzsZsFiX3nE4UKw5vg,6VGodLwjrYPQYq0qxfRyXw
-0nLkzsZsFiX3nE4UKw5vg,CQIklZe470QoBNwaL2EuPA
-0nLkzsZsFiX3nE4UKw5vg,J2JfCaiaZku8HgfNceU8Rg
-0nLkzsZsFiX3nE4UKw5vg,jrY1RfNRtKsva2diyWyv6w
-0nLkzsZsFiX3nE4UKw5vg,K9IGnMmX09luxNVjO_hDmw
-0nLkzsZsFiX3nE4UKw5vg,lC0KGXmIhyjzghBUlVnkhQ
-0nLkzsZsFiX3nE4UKw5vg,llzUppvv0t4noKubpIWCqw
-0nLkzsZsFiX3nE4UKw5vg,Psh8PaEh8c2Wn8YjwyGVvA
-0nLkzsZsFiX3nE4UKw5vg,sc6wS6YOFIgtN2XuJI8_WQ
-0nLkzsZsFiX3nE4UKw5vg,U3DzyVKgyQk2YGDnZ8pFFQ
-0nLkzsZsFiX3nE4UKw5vg,xZvkZyDuQuL54xyHx2-GHA
-0npoOcYIFoTGFSCF3ThcA,2P6Uf4JTfqJsQzH-zEJmbg
-0npoOcYIFoTGFSCF3ThcA,9vbIVQa81WNdybgmhC5TTw
-0OZ5qiIobyAA7DYAPvz0A,hStzf_bCgvJOcYTZ9fGMYQ
-0p7UrjssdF5FvDKl5y6RA,ihUHxlE5erKlMaxl52fTDw
-0p7UrjssdF5FvDKl5y6RA,ImkdMNvaptix18OWrETWlg
-0paANjzZPt0VAH_1BubDA,-DFfcGci_MGco8BsnBjQtg
-0paANjzZPt0VAH_1BubDA,7l_c22j0VsIKXm6PYTriJg
-0qK_1F_e6id80TnKLGc8A,pqMYcsNLVTA14oAgjp4ZPA
-0qK_1F_e6id80TnKLGc8A,WEkZFkRp270YaabzWzcV4A
-0s0uEo7NmkykdfwqjFx7A,7NB3uZFz9pdHhPopIh8gcA
-0s0uEo7NmkykdfwqjFx7A,ip9WEBOiwcATB8l9Gq1o1w
-0s0uEo7NmkykdfwqjFx7A,r1aEnBrpLiNHQ6b8NPALuQ
-0stzn_U5HE0pkIaU1YKPA,hSEv6hOHIJt2kaFHr2vsPw
-0Tb_70J-L50-E-4m98QPQ,55hrqRK0FajKpx7yG5dy1Q
-0Tb_70J-L50-E-4m98QPQ,A8DyIxaKBDkeREODjIvx1Q
-0Tb_70J-L50-E-4m98QPQ,K07bqzNnpHouB-509bk-mw
-0Tb_70J-L50-E-4m98QPQ,PRHZAeO54Kdgaj6Qcd6gMg
-0Tb_70J-L50-E-4m98QPQ,PxuVzvyeD_zFxDsSr29xrA
-0Tb_70J-L50-E-4m98QPQ,rkFBorGAfmFJfM58SLZL8w
-0Twd3m7DMD8BjLNi3p-WA,9cNQoWxRqBqCwsQYFOEAmg
-0Twd3m7DMD8BjLNi3p-WA,9OsJsTHqBeMVEdW2qo3ByA
-0Twd3m7DMD8BjLNi3p-WA,cRvV2EeHyaNUwinjVKWMIw
-0Twd3m7DMD8BjLNi3p-WA,j68jx3DUkW2_6txDzqTY-g
-0Twd3m7DMD8BjLNi3p-WA,JB9YcOmb5O5tl8SvSohffw
-0Twd3m7DMD8BjLNi3p-WA,PynVgR-VyqPRad2t-u6gsA
-0Twd3m7DMD8BjLNi3p-WA,_3mIRrRfuhIr03d_KKKP0w
-0Twd3m7DMD8BjLNi3p-WA,_Pd-pFspsd3k16YEPvsJ7g
-0tYWv5LxCIdWdaf1jUkzA,cWaIHj-O7_vZo7JomNHhaA
-0tYWv5LxCIdWdaf1jUkzA,lNSsvZo-aOXUbmFhsS3xpw
-0tYWv5LxCIdWdaf1jUkzA,S-BVpzqwBPp9YanICJvJ8w
-0tYWv5LxCIdWdaf1jUkzA,SaDlj0Mz9mN7QOTnnHE5uA
-0tYWv5LxCIdWdaf1jUkzA,t6VzXVNtsD4tfJwBX8Q1PQ
-0tYWv5LxCIdWdaf1jUkzA,x6856tCjFDewGT8WCQmP4A
-0vRL82TjwuZCkdp8muulg,BlaUqfHAVa7YV8Rhgxvt7A
-0vRL82TjwuZCkdp8muulg,I2YTXk8pXJdB1rqq-iKNXw
-0vRL82TjwuZCkdp8muulg,L03jT2TEY2YnBgayPU9ZOA
-0vRL82TjwuZCkdp8muulg,Tc4j6nNoFwcccuzim2s7Xg
-0WJZH9GI-XJZ3aPQ1MCpg,t3rZpAy4CrPi3kuJGfuCTA
-0WJZH9GI-XJZ3aPQ1MCpg,VdlRnGJram3vlLq6sB_bSw
-0wUMy3vgInUD4S6KJInnw,-C93MHl3n-O_5KU_zGjEgQ
-0wUMy3vgInUD4S6KJInnw,1eCkN2jhDVWyg51GV85VVA
-0wUMy3vgInUD4S6KJInnw,2nXVVKX3K4Httr7-IU1Rew
-0wUMy3vgInUD4S6KJInnw,2Pfiv4m9chDZQ1ziu1tgvA
-0wUMy3vgInUD4S6KJInnw,4A3dQlNtdL8uaMgXbHIEHg
-0wUMy3vgInUD4S6KJInnw,7NYwJuMOUnRjuSdqwyOOww
-0wUMy3vgInUD4S6KJInnw,7zpDhrRZRTGCkAh3SHbEww
-0wUMy3vgInUD4S6KJInnw,AefRoI7j0OXlnMi8LtqaLg
-0wUMy3vgInUD4S6KJInnw,bjHedPylrijdHtLOXzNzYA
-0wUMy3vgInUD4S6KJInnw,CQqb9nCO55w8I6vwzide5g
-0wUMy3vgInUD4S6KJInnw,d3VO4clBEry_Pqr1yT7r3g
-0wUMy3vgInUD4S6KJInnw,DrKQzBFAvxhyjLgbPSW2Qw
-0wUMy3vgInUD4S6KJInnw,dS02pxg9FMgcJoQEohsMCA
-0wUMy3vgInUD4S6KJInnw,GQCY2eho2LqRutedrHXfCQ
-0wUMy3vgInUD4S6KJInnw,gYIHSsoa260H544x9guLOg
-0wUMy3vgInUD4S6KJInnw,h071_sK1jJ2gu83r2D0c9A
-0wUMy3vgInUD4S6KJInnw,HANb8-8InWnju-XzBQQSBw
-0wUMy3vgInUD4S6KJInnw,jBh2i2tqd9jnGDwJo6lFRg
-0wUMy3vgInUD4S6KJInnw,JDvW_zCyO_a3PmYglUEBgg
-0wUMy3vgInUD4S6KJInnw,jEp_bRQM1-sRxAwCz-5dbw
-0wUMy3vgInUD4S6KJInnw,jlpbR7IurKHCnSrGxELVlg
-0wUMy3vgInUD4S6KJInnw,K4hhEX8nSX2fuVhepM_OAA
-0wUMy3vgInUD4S6KJInnw,kl0zgp60RM09pySxA5NubA
-0wUMy3vgInUD4S6KJInnw,m61SjiXAIlOY1qAXOHEk4Q
-0wUMy3vgInUD4S6KJInnw,PLwDWwNAEr0pLodWI7KzpQ
-0wUMy3vgInUD4S6KJInnw,QDRlK8_pIhRm0NIMevkoUg
-0wUMy3vgInUD4S6KJInnw,QHXcIyZK5duOx-_RlGzHhA
-0wUMy3vgInUD4S6KJInnw,qM-emEVQ5ZtKx_NbaTr7zA
-0wUMy3vgInUD4S6KJInnw,qOwMg5pNHA5G--Iz1HOplQ
-0wUMy3vgInUD4S6KJInnw,rWyqvFRy0Or3qvVgKqPxyQ



